-- phpMyAdmin SQL Dump
-- version 4.8.5
-- https://www.phpmyadmin.net/
--
-- Host: 127.0.0.1
-- Generation Time: Dec 02, 2019 at 01:30 PM
-- Server version: 10.1.38-MariaDB
-- PHP Version: 7.3.3

SET SQL_MODE = "NO_AUTO_VALUE_ON_ZERO";
SET AUTOCOMMIT = 0;
START TRANSACTION;
SET time_zone = "+00:00";


/*!40101 SET @OLD_CHARACTER_SET_CLIENT=@@CHARACTER_SET_CLIENT */;
/*!40101 SET @OLD_CHARACTER_SET_RESULTS=@@CHARACTER_SET_RESULTS */;
/*!40101 SET @OLD_COLLATION_CONNECTION=@@COLLATION_CONNECTION */;
/*!40101 SET NAMES utf8mb4 */;

--
-- Database: `eapi`
--

-- --------------------------------------------------------

--
-- Table structure for table `failed_jobs`
--

CREATE TABLE `failed_jobs` (
  `id` bigint(20) UNSIGNED NOT NULL,
  `connection` text COLLATE utf8mb4_unicode_ci NOT NULL,
  `queue` text COLLATE utf8mb4_unicode_ci NOT NULL,
  `payload` longtext COLLATE utf8mb4_unicode_ci NOT NULL,
  `exception` longtext COLLATE utf8mb4_unicode_ci NOT NULL,
  `failed_at` timestamp NOT NULL DEFAULT CURRENT_TIMESTAMP
) ENGINE=InnoDB DEFAULT CHARSET=utf8mb4 COLLATE=utf8mb4_unicode_ci;

-- --------------------------------------------------------

--
-- Table structure for table `migrations`
--

CREATE TABLE `migrations` (
  `id` int(10) UNSIGNED NOT NULL,
  `migration` varchar(191) COLLATE utf8mb4_unicode_ci NOT NULL,
  `batch` int(11) NOT NULL
) ENGINE=InnoDB DEFAULT CHARSET=utf8mb4 COLLATE=utf8mb4_unicode_ci;

--
-- Dumping data for table `migrations`
--

INSERT INTO `migrations` (`id`, `migration`, `batch`) VALUES
(1, '2014_10_12_000000_create_users_table', 1),
(2, '2014_10_12_100000_create_password_resets_table', 1),
(3, '2019_08_19_000000_create_failed_jobs_table', 1),
(4, '2019_12_02_081704_create_products_table', 1),
(5, '2019_12_02_081853_create_reviews_table', 1);

-- --------------------------------------------------------

--
-- Table structure for table `password_resets`
--

CREATE TABLE `password_resets` (
  `email` varchar(191) COLLATE utf8mb4_unicode_ci NOT NULL,
  `token` varchar(191) COLLATE utf8mb4_unicode_ci NOT NULL,
  `created_at` timestamp NULL DEFAULT NULL
) ENGINE=InnoDB DEFAULT CHARSET=utf8mb4 COLLATE=utf8mb4_unicode_ci;

-- --------------------------------------------------------

--
-- Table structure for table `products`
--

CREATE TABLE `products` (
  `id` bigint(20) UNSIGNED NOT NULL,
  `name` varchar(191) COLLATE utf8mb4_unicode_ci NOT NULL,
  `detail` text COLLATE utf8mb4_unicode_ci NOT NULL,
  `price` int(11) NOT NULL,
  `stock` int(11) NOT NULL,
  `discount` int(11) NOT NULL,
  `created_at` timestamp NULL DEFAULT NULL,
  `updated_at` timestamp NULL DEFAULT NULL
) ENGINE=InnoDB DEFAULT CHARSET=utf8mb4 COLLATE=utf8mb4_unicode_ci;

--
-- Dumping data for table `products`
--

INSERT INTO `products` (`id`, `name`, `detail`, `price`, `stock`, `discount`, `created_at`, `updated_at`) VALUES
(1, 'quo', 'Dolores tempora alias aut et iste provident ad. Rerum debitis voluptas rem. Ipsum tempora dolor nostrum deserunt saepe.', 504, 8, 27, '2019-12-02 06:26:46', '2019-12-02 06:26:46'),
(2, 'facilis', 'Necessitatibus expedita qui doloribus accusantium id perferendis. Enim iure corrupti earum sunt nam totam placeat. Reprehenderit fuga aspernatur vitae sunt atque atque.', 890, 1, 5, '2019-12-02 06:26:46', '2019-12-02 06:26:46'),
(3, 'libero', 'Debitis eveniet exercitationem et sint sit est quia eos. Qui suscipit iste a est ab. Ipsum soluta omnis officia tenetur tenetur quo.', 684, 5, 21, '2019-12-02 06:26:46', '2019-12-02 06:26:46'),
(4, 'sunt', 'Quaerat ipsam quo sequi nulla molestias reprehenderit laboriosam harum. Quaerat eligendi nemo et quod veniam est. Sit aliquid ut sit reiciendis praesentium hic et.', 445, 5, 6, '2019-12-02 06:26:46', '2019-12-02 06:26:46'),
(5, 'rem', 'Consequuntur non porro eos minus illum numquam tempora qui. Nulla aut quasi quos perspiciatis dolorum dolor et.', 141, 4, 24, '2019-12-02 06:26:46', '2019-12-02 06:26:46'),
(6, 'quia', 'Corrupti nam qui est dolorem. Corporis omnis dolorem quis suscipit unde ex. Dolores porro sunt nihil eum aut molestiae.', 391, 9, 19, '2019-12-02 06:26:46', '2019-12-02 06:26:46'),
(7, 'earum', 'Ut accusamus earum eum voluptas blanditiis. Exercitationem voluptas omnis ad et excepturi corrupti corrupti. Magni earum sint et eligendi et veritatis at. Explicabo sit qui earum est voluptates velit.', 114, 4, 20, '2019-12-02 06:26:46', '2019-12-02 06:26:46'),
(8, 'et', 'Tenetur consequatur et numquam veniam fuga eum. Eum molestias ut laudantium doloremque quia amet nostrum temporibus. Maxime officia illo soluta ducimus. Quia perferendis autem et porro.', 638, 3, 14, '2019-12-02 06:26:46', '2019-12-02 06:26:46'),
(9, 'autem', 'Nisi quia sed iusto libero provident dolor nihil. Voluptas necessitatibus ab sunt sapiente dicta officia. Accusamus minus illo aut itaque cum. Expedita quasi incidunt cumque alias non autem.', 107, 9, 5, '2019-12-02 06:26:46', '2019-12-02 06:26:46'),
(10, 'modi', 'Quis doloribus minima qui blanditiis. Reprehenderit libero et delectus temporibus quia. Quia assumenda voluptatibus quae temporibus. Nihil laboriosam consectetur laboriosam possimus.', 704, 9, 24, '2019-12-02 06:26:46', '2019-12-02 06:26:46'),
(11, 'error', 'Est in magni in. Repudiandae id molestiae in recusandae esse minus. Enim esse natus voluptatem.', 181, 7, 29, '2019-12-02 06:26:46', '2019-12-02 06:26:46'),
(12, 'blanditiis', 'In culpa officiis unde. Soluta possimus consequatur eveniet eos. Ducimus voluptas aperiam est labore.', 404, 5, 2, '2019-12-02 06:26:46', '2019-12-02 06:26:46'),
(13, 'laboriosam', 'Quae nesciunt enim et ex tenetur magni. Et voluptas hic est esse. Accusamus unde cumque pariatur deserunt consequuntur veritatis facere.', 697, 4, 12, '2019-12-02 06:26:46', '2019-12-02 06:26:46'),
(14, 'quidem', 'Cum minima magnam enim inventore. Voluptas accusamus iste eius consequatur aut. Labore et beatae expedita iste.', 916, 1, 15, '2019-12-02 06:26:47', '2019-12-02 06:26:47'),
(15, 'minus', 'Laboriosam est dolorem non ut repellendus omnis. Soluta voluptas eos sit voluptatem eum magni. Vel sit quo aspernatur. Nam labore quisquam accusantium dolorum quas consequatur earum. Quis consequatur provident enim nam porro qui.', 239, 9, 22, '2019-12-02 06:26:47', '2019-12-02 06:26:47'),
(16, 'quod', 'Ut et porro est consectetur. Tenetur harum et veniam et. Nulla aut cupiditate omnis sit.', 976, 7, 18, '2019-12-02 06:26:47', '2019-12-02 06:26:47'),
(17, 'est', 'Eum esse exercitationem perferendis vel repudiandae quia. Beatae et sed in eos qui et perferendis. Ea ducimus nam dicta occaecati nesciunt soluta et. Ut rerum odio corrupti sapiente beatae quidem.', 109, 7, 30, '2019-12-02 06:26:47', '2019-12-02 06:26:47'),
(18, 'iste', 'Ut est sit quia sint laudantium accusantium nihil. Rem et qui minima at harum ut amet. Ut quo numquam repudiandae architecto nisi.', 220, 4, 11, '2019-12-02 06:26:47', '2019-12-02 06:26:47'),
(19, 'ut', 'Occaecati eum consequatur dolorem. Aperiam laboriosam similique necessitatibus consequatur laudantium totam dolore. Ea recusandae quaerat eligendi vitae quibusdam.', 723, 3, 26, '2019-12-02 06:26:47', '2019-12-02 06:26:47'),
(20, 'quo', 'Sapiente mollitia vel ratione nobis omnis consequatur assumenda. Et aut dolorum ut consequatur officia. Quia sit et sed eum necessitatibus. Omnis et temporibus officia asperiores tempora.', 725, 2, 15, '2019-12-02 06:26:47', '2019-12-02 06:26:47'),
(21, 'est', 'Consectetur illum saepe rerum velit. Voluptas perferendis enim velit quibusdam eos nesciunt est. Vel omnis perspiciatis et voluptatem dignissimos et quod.', 350, 2, 8, '2019-12-02 06:26:47', '2019-12-02 06:26:47'),
(22, 'repellendus', 'Fugit distinctio corporis modi qui voluptatem magnam rerum. Laborum iusto laboriosam in officiis corrupti. Quia corporis deleniti vel earum iure ex. Ipsa unde voluptas cumque ut quia consequuntur repellendus voluptas.', 796, 4, 4, '2019-12-02 06:26:47', '2019-12-02 06:26:47'),
(23, 'pariatur', 'Nobis est minima officiis amet laboriosam sunt suscipit. Molestiae aperiam a debitis autem vel corrupti odit nobis. Aut doloremque occaecati ut quis nam voluptatum. Corporis sed nostrum nulla et fuga quae.', 889, 5, 27, '2019-12-02 06:26:47', '2019-12-02 06:26:47'),
(24, 'deserunt', 'Et et voluptatem autem assumenda maiores eos magnam. Et dolorum quis et ut aut. Ipsa nihil doloribus velit quia.', 141, 0, 24, '2019-12-02 06:26:47', '2019-12-02 06:26:47'),
(25, 'consequatur', 'Ipsa quia quae quasi et vel et quas. Ut occaecati eius dolor ut. Magni animi culpa omnis assumenda ut unde deserunt.', 848, 6, 24, '2019-12-02 06:26:47', '2019-12-02 06:26:47'),
(26, 'quae', 'Earum et voluptas non consequatur sunt iste. Error qui ut voluptates nesciunt velit et in.', 508, 7, 8, '2019-12-02 06:26:47', '2019-12-02 06:26:47'),
(27, 'consectetur', 'Ea nam et delectus porro velit doloribus. Enim explicabo quae aut consequatur dolores veniam totam dicta. Dolores ullam ratione saepe est.', 241, 4, 26, '2019-12-02 06:26:47', '2019-12-02 06:26:47'),
(28, 'hic', 'Sed hic distinctio blanditiis maiores placeat voluptatem numquam ipsa. Mollitia libero sint nostrum excepturi officia ipsam quos. Ut sunt eligendi distinctio omnis.', 588, 3, 29, '2019-12-02 06:26:47', '2019-12-02 06:26:47'),
(29, 'ut', 'Consectetur vel ea numquam harum temporibus voluptatum. Repudiandae sequi dignissimos non sed hic. Quo ipsum sed voluptatibus optio impedit et.', 840, 6, 14, '2019-12-02 06:26:47', '2019-12-02 06:26:47'),
(30, 'beatae', 'Accusantium asperiores et voluptas eos commodi qui ea. Ut consequatur ea pariatur omnis dolorem ut. Consequatur libero qui maxime necessitatibus omnis voluptas et. Veniam voluptas dolorem rem cumque enim.', 782, 6, 5, '2019-12-02 06:26:47', '2019-12-02 06:26:47'),
(31, 'laudantium', 'Harum expedita nisi sunt qui quis ab. Sunt et voluptas quibusdam voluptatem incidunt. Est cum alias architecto voluptatem quam. Animi eligendi ratione quidem et rerum eligendi autem.', 480, 3, 9, '2019-12-02 06:26:47', '2019-12-02 06:26:47'),
(32, 'blanditiis', 'Asperiores velit voluptas tempora. Nisi officiis sint omnis consequatur ex harum eos. Assumenda velit voluptas nihil.', 723, 3, 15, '2019-12-02 06:26:47', '2019-12-02 06:26:47'),
(33, 'aut', 'Est laudantium sint modi eligendi ea accusamus. Id vitae necessitatibus sed et dolores facere. Sit nam officia labore sed voluptatibus voluptatem consequatur.', 653, 5, 11, '2019-12-02 06:26:47', '2019-12-02 06:26:47'),
(34, 'rem', 'Voluptate rem assumenda nihil aut. Quia officia qui tenetur voluptas ipsam.', 427, 4, 21, '2019-12-02 06:26:47', '2019-12-02 06:26:47'),
(35, 'dolores', 'Et ipsam non corporis est quo sit atque. Nulla quidem omnis autem omnis consequatur et magnam. Aliquam et et sit expedita. Quidem velit ex magnam enim nesciunt.', 286, 1, 29, '2019-12-02 06:26:47', '2019-12-02 06:26:47'),
(36, 'cupiditate', 'Nobis sed rem natus quod voluptate animi. Sapiente atque et inventore. Veritatis eveniet vitae doloremque asperiores praesentium.', 551, 4, 3, '2019-12-02 06:26:47', '2019-12-02 06:26:47'),
(37, 'debitis', 'Est eos unde ipsa ut ut quas. Dolore veniam numquam explicabo error est. Nihil voluptatem eveniet fugiat est architecto vel.', 368, 3, 10, '2019-12-02 06:26:47', '2019-12-02 06:26:47'),
(38, 'modi', 'Vero nobis velit quia. Aut et quae debitis in. Praesentium sed et corrupti nemo non maxime architecto. Quas iusto iusto blanditiis voluptatem quos ex.', 807, 1, 30, '2019-12-02 06:26:47', '2019-12-02 06:26:47'),
(39, 'rerum', 'Fugiat rerum quos qui. Totam voluptas quibusdam necessitatibus. Omnis voluptatem voluptatibus velit unde. Nihil porro dolorum laborum ut est.', 596, 9, 11, '2019-12-02 06:26:47', '2019-12-02 06:26:47'),
(40, 'ut', 'Veniam ad doloribus qui excepturi sit ut. Aut dolor quia autem labore. Dolores magni qui fugiat dolore delectus molestiae.', 179, 6, 28, '2019-12-02 06:26:47', '2019-12-02 06:26:47'),
(41, 'aut', 'Quisquam adipisci sit distinctio voluptas enim. Quia id enim autem voluptas magnam rerum quasi. Enim quaerat a molestiae eum blanditiis laboriosam voluptatem. Doloremque harum est dolores ut asperiores a.', 588, 1, 17, '2019-12-02 06:26:47', '2019-12-02 06:26:47'),
(42, 'eligendi', 'Sit ut est eos nobis placeat est. Esse et deserunt sit dolores et. Architecto rem quisquam eum libero.', 984, 0, 26, '2019-12-02 06:26:47', '2019-12-02 06:26:47'),
(43, 'asperiores', 'Tempora fuga eos ea. Omnis qui voluptatem quia error. Et iure voluptatum velit nihil.', 579, 1, 21, '2019-12-02 06:26:47', '2019-12-02 06:26:47'),
(44, 'ab', 'Nesciunt nihil blanditiis sit consequuntur officia. Excepturi possimus itaque et earum nam atque. Aliquam incidunt aut est aut itaque molestias dolorum suscipit. Ea occaecati mollitia sint fuga odio fugit.', 616, 0, 22, '2019-12-02 06:26:47', '2019-12-02 06:26:47'),
(45, 'possimus', 'Numquam explicabo repellat id nesciunt provident vel. Quisquam iusto quidem ut ex pariatur aut voluptas. Ipsa et libero quam maxime necessitatibus.', 903, 5, 22, '2019-12-02 06:26:47', '2019-12-02 06:26:47'),
(46, 'accusantium', 'Facere dolor ut et quo. Recusandae et omnis accusantium nulla. Ullam laudantium cumque voluptatibus.', 227, 3, 23, '2019-12-02 06:26:48', '2019-12-02 06:26:48'),
(47, 'cupiditate', 'Corrupti aperiam sint optio qui sit qui. Aut veniam aut vel odit eligendi similique.', 429, 3, 18, '2019-12-02 06:26:48', '2019-12-02 06:26:48'),
(48, 'autem', 'Ducimus non quasi eveniet. Corrupti vero ea magni assumenda. Est qui nisi omnis rerum velit rem. Culpa consequuntur necessitatibus qui quas laboriosam magni.', 156, 8, 22, '2019-12-02 06:26:48', '2019-12-02 06:26:48'),
(49, 'dolorem', 'Neque voluptate necessitatibus aut. Error explicabo tempore molestiae qui facere et dolore sapiente. Nihil error enim quae eum beatae. Voluptas fugiat corrupti consequuntur iusto maxime.', 827, 6, 13, '2019-12-02 06:26:48', '2019-12-02 06:26:48'),
(50, 'illo', 'Ex commodi et sint nostrum nisi perferendis. Minima magnam est sequi adipisci. Excepturi dignissimos ratione doloribus omnis quo et vero.', 170, 5, 26, '2019-12-02 06:26:48', '2019-12-02 06:26:48');

-- --------------------------------------------------------

--
-- Table structure for table `reviews`
--

CREATE TABLE `reviews` (
  `id` bigint(20) UNSIGNED NOT NULL,
  `product_id` bigint(20) UNSIGNED NOT NULL,
  `customer` varchar(191) COLLATE utf8mb4_unicode_ci NOT NULL,
  `review` text COLLATE utf8mb4_unicode_ci NOT NULL,
  `star` int(11) NOT NULL,
  `created_at` timestamp NULL DEFAULT NULL,
  `updated_at` timestamp NULL DEFAULT NULL
) ENGINE=InnoDB DEFAULT CHARSET=utf8mb4 COLLATE=utf8mb4_unicode_ci;

--
-- Dumping data for table `reviews`
--

INSERT INTO `reviews` (`id`, `product_id`, `customer`, `review`, `star`, `created_at`, `updated_at`) VALUES
(1, 7, 'Miss Assunta O\'Conner MD', 'Doloremque quisquam aut iure reprehenderit distinctio similique. Ut maxime in culpa aut. Quaerat amet dolor ut accusamus amet aut ullam nobis. Voluptatem voluptas libero molestias ducimus.', 1, '2019-12-02 06:26:48', '2019-12-02 06:26:48'),
(2, 15, 'Rafaela Lang', 'Est et a dolores vel. Neque magnam velit et pariatur. Et porro incidunt doloribus quis reiciendis. Voluptate possimus voluptatum iusto velit quas maxime non esse.', 5, '2019-12-02 06:26:48', '2019-12-02 06:26:48'),
(3, 49, 'Miss Hulda Gusikowski', 'Sint sunt dolores mollitia magnam. Nemo exercitationem quod quod incidunt maiores. Reiciendis et quia qui quis ipsa aliquam. Eaque distinctio ullam suscipit qui. Voluptate vitae ipsa reprehenderit odit molestiae mollitia veritatis.', 3, '2019-12-02 06:26:48', '2019-12-02 06:26:48'),
(4, 37, 'Abigail O\'Reilly', 'Esse magni non voluptate veniam velit voluptatem. Optio voluptates nesciunt fugiat dolorum sed dolores. Eos qui et temporibus aliquid cumque sunt nobis.', 1, '2019-12-02 06:26:48', '2019-12-02 06:26:48'),
(5, 11, 'Marielle Heidenreich', 'Dolorem cupiditate natus nihil corrupti commodi repellendus reiciendis. Sed porro voluptates nesciunt consequatur nostrum dicta qui. Ut eaque voluptatem aperiam non in repudiandae voluptas.', 5, '2019-12-02 06:26:48', '2019-12-02 06:26:48'),
(6, 10, 'Ahmad Grady', 'Odit est suscipit reiciendis fugiat repudiandae. Consequatur eveniet qui eos aspernatur harum. Consequuntur est voluptas suscipit sunt illo rerum voluptatum.', 4, '2019-12-02 06:26:48', '2019-12-02 06:26:48'),
(7, 35, 'Melisa Murazik', 'Doloremque sit excepturi rerum dicta perspiciatis architecto. Impedit nulla consectetur beatae itaque optio. Culpa beatae eum debitis voluptas. Quo quidem aut cupiditate id delectus adipisci facere.', 0, '2019-12-02 06:26:48', '2019-12-02 06:26:48'),
(8, 1, 'Antonio Will', 'Officia dignissimos fugit id modi nihil dolorem quae quod. Praesentium architecto eum quae at provident aliquid illo. Ex neque dolorum dicta et eveniet est. Voluptas facilis qui optio id doloribus. Voluptatum magnam autem vel vero.', 5, '2019-12-02 06:26:48', '2019-12-02 06:26:48'),
(9, 14, 'Mr. Jaydon Schultz', 'In ut illum rerum quos. Aperiam quas veniam accusamus quisquam dolor cupiditate. Saepe eos fuga est voluptas eveniet est eum molestiae.', 5, '2019-12-02 06:26:48', '2019-12-02 06:26:48'),
(10, 11, 'Hoyt Davis', 'Sit et quia harum in est rerum. Tempora est velit ratione consequatur quo in incidunt ducimus. Illum ut aut odio illo autem inventore amet. Magni numquam vitae at molestiae quidem rerum.', 3, '2019-12-02 06:26:48', '2019-12-02 06:26:48'),
(11, 2, 'Alisha Weissnat I', 'Autem qui optio aut officiis. Quaerat deserunt aut tempore corrupti. Earum sed molestiae et ut nemo aspernatur. Blanditiis qui esse voluptate consequuntur ipsam dignissimos voluptate.', 4, '2019-12-02 06:26:48', '2019-12-02 06:26:48'),
(12, 8, 'Ms. Crystel Murazik II', 'Quia iusto sunt quo est dolores quibusdam voluptas. Voluptatum quia modi neque a quaerat sed aspernatur. Rerum delectus hic consectetur earum. Natus illo consectetur deleniti architecto optio id. Dolore et rerum quia consequuntur corporis voluptas quasi.', 0, '2019-12-02 06:26:48', '2019-12-02 06:26:48'),
(13, 41, 'Efrain Dooley PhD', 'Non illo eius reprehenderit sint eligendi eius. Est velit numquam voluptas.', 4, '2019-12-02 06:26:48', '2019-12-02 06:26:48'),
(14, 6, 'Justen Simonis', 'Ducimus unde delectus rerum in sed repellat dolorem. Voluptatibus omnis aut voluptatem recusandae sunt vitae doloremque. Debitis molestiae est dolorem.', 4, '2019-12-02 06:26:48', '2019-12-02 06:26:48'),
(15, 28, 'Jude Bins MD', 'Totam sunt voluptatum est voluptas. Occaecati aliquam quo necessitatibus necessitatibus. Recusandae culpa delectus saepe itaque sint. Minima qui possimus a nostrum sed hic totam.', 2, '2019-12-02 06:26:48', '2019-12-02 06:26:48'),
(16, 17, 'Prof. Claudie Lind MD', 'Est tenetur odit qui soluta esse. Sit id nihil sed quisquam. Sed facere rerum officiis qui eveniet quod excepturi. Odio quis nihil quos dolor eveniet ut.', 4, '2019-12-02 06:26:48', '2019-12-02 06:26:48'),
(17, 27, 'Justus Fay', 'Omnis minima omnis est reiciendis. Ut et qui rerum recusandae suscipit inventore quia. Ut error sit non culpa. Totam consequatur modi culpa culpa voluptas quibusdam.', 1, '2019-12-02 06:26:48', '2019-12-02 06:26:48'),
(18, 32, 'Justus Altenwerth II', 'Voluptatem quo eius et placeat non nam sint. Praesentium ipsa quis excepturi fuga quisquam dignissimos voluptate.', 2, '2019-12-02 06:26:48', '2019-12-02 06:26:48'),
(19, 42, 'Prof. Martin Bergstrom V', 'Et ut numquam velit molestiae necessitatibus non ipsa et. Error adipisci itaque rerum sint totam quos.', 0, '2019-12-02 06:26:48', '2019-12-02 06:26:48'),
(20, 21, 'Prof. Hollis Ratke I', 'Blanditiis accusantium aut laborum aut. Iste consequuntur unde nulla. Accusantium et ut sunt aut.', 1, '2019-12-02 06:26:49', '2019-12-02 06:26:49'),
(21, 28, 'Delpha McGlynn', 'Cumque consequatur impedit vitae et. Iste soluta aut soluta et omnis. Et autem aspernatur impedit. Culpa quidem vero aliquid saepe qui.', 0, '2019-12-02 06:26:49', '2019-12-02 06:26:49'),
(22, 12, 'Zetta Fadel', 'Reprehenderit rem soluta ex aut minima harum itaque. Sit maxime quam id rem earum consequatur voluptatum voluptas. Saepe quos fuga voluptatem aut necessitatibus velit necessitatibus perferendis. Non qui quasi dolores dolorem incidunt nobis veniam dignissimos.', 0, '2019-12-02 06:26:49', '2019-12-02 06:26:49'),
(23, 25, 'Chet Wintheiser MD', 'Et eveniet vitae rerum cupiditate consequatur amet. Doloribus aspernatur et adipisci iusto vitae. Est non et voluptas quas. Ut nam ipsam est quia vel ut deleniti.', 4, '2019-12-02 06:26:49', '2019-12-02 06:26:49'),
(24, 7, 'Mr. Cullen Hessel V', 'Quos totam nihil impedit quis sunt. Incidunt eaque doloribus velit harum vitae nam ea.', 1, '2019-12-02 06:26:49', '2019-12-02 06:26:49'),
(25, 44, 'Julia Leannon', 'Sed aut consequatur aperiam laboriosam. Nostrum ut autem porro ab nesciunt. Consequuntur ea modi voluptatem non soluta facere.', 0, '2019-12-02 06:26:49', '2019-12-02 06:26:49'),
(26, 35, 'Alexandria Cummerata', 'Quae aut quia rerum mollitia nostrum est. Natus optio sit tenetur. Qui libero tempore ut officiis. Aut quia quo esse totam. Minus enim aut eos veniam molestiae aliquid.', 5, '2019-12-02 06:26:49', '2019-12-02 06:26:49'),
(27, 23, 'Terry Hegmann', 'Accusantium in voluptas ipsa possimus quaerat. Et tempore accusamus ea dolor. Autem molestiae aperiam rerum eaque.', 5, '2019-12-02 06:26:49', '2019-12-02 06:26:49'),
(28, 22, 'Ms. Mona McGlynn', 'A vel dolor minus dicta. Sint omnis quis id reiciendis dignissimos quis. Repellat quo architecto error expedita cum ut est.', 0, '2019-12-02 06:26:49', '2019-12-02 06:26:49'),
(29, 3, 'Kathlyn Schmitt', 'Aliquid et commodi laboriosam voluptatem quisquam saepe. Incidunt fuga cumque voluptatem quasi. Deleniti mollitia adipisci sit dicta.', 5, '2019-12-02 06:26:49', '2019-12-02 06:26:49'),
(30, 39, 'Verlie Boyle', 'Vel ab aliquid voluptate aut ullam ullam. Dolorem harum qui maxime dolorum odit molestiae eum non. Ducimus nobis modi facilis unde earum rerum. Voluptatem quo sit recusandae ut ipsam quis et.', 1, '2019-12-02 06:26:49', '2019-12-02 06:26:49'),
(31, 43, 'Mr. Gregg Wintheiser PhD', 'Quos corrupti molestias et voluptatem reiciendis. Impedit quia et sed praesentium voluptatem. Molestias nihil at esse perspiciatis quia quas. Animi ullam ut quia aut eos. Reiciendis mollitia animi aut odit labore dolores sint.', 2, '2019-12-02 06:26:49', '2019-12-02 06:26:49'),
(32, 7, 'Daniela Wiza', 'Vero minima maiores ut recusandae facere ex. Temporibus voluptatibus ipsum nesciunt dolores voluptatibus repellendus dolores. Debitis natus praesentium ducimus voluptas tenetur aut eos.', 5, '2019-12-02 06:26:49', '2019-12-02 06:26:49'),
(33, 37, 'Celestine Prohaska', 'Consequatur nisi eaque distinctio illum qui optio. Tempore et aliquid illo. Quia impedit qui dicta explicabo.', 2, '2019-12-02 06:26:49', '2019-12-02 06:26:49'),
(34, 41, 'Kaycee Mosciski', 'Ut qui cupiditate quibusdam ducimus fugit aut odio et. Ea alias illo aut et dolores ipsam. Adipisci id dolore rerum cum. Sit voluptate delectus porro et eos asperiores distinctio. Neque nemo omnis officia optio.', 3, '2019-12-02 06:26:49', '2019-12-02 06:26:49'),
(35, 11, 'Aidan Strosin', 'Doloremque sint aut reiciendis molestias tenetur nihil est. Quis nulla laudantium perferendis aliquam.', 4, '2019-12-02 06:26:49', '2019-12-02 06:26:49'),
(36, 2, 'Fannie Nienow', 'Vero debitis beatae perspiciatis id est est dolores sit. Facilis quam qui nesciunt est aut natus aut. Hic et incidunt maxime sunt commodi pariatur. Necessitatibus itaque necessitatibus repellat tenetur ea perspiciatis voluptatem.', 5, '2019-12-02 06:26:49', '2019-12-02 06:26:49'),
(37, 40, 'Virginie Stehr', 'Necessitatibus provident ipsum fugit. Quod ut rerum deleniti dicta dignissimos natus corrupti molestiae.', 3, '2019-12-02 06:26:49', '2019-12-02 06:26:49'),
(38, 3, 'Lia Auer V', 'Saepe corporis velit commodi et sit earum voluptas. Sit labore rem quidem adipisci. Quis est reiciendis nulla voluptates nostrum quod vitae.', 2, '2019-12-02 06:26:49', '2019-12-02 06:26:49'),
(39, 40, 'Heather Goldner III', 'Fugit rerum est ullam sapiente est ducimus sint. Quisquam veniam culpa tempora omnis. Ut repellendus cum quos. Iste sunt facere pariatur esse amet.', 0, '2019-12-02 06:26:49', '2019-12-02 06:26:49'),
(40, 19, 'Allen Green', 'Et et sit est sapiente non et est. Recusandae facere sunt rerum est non quo. In excepturi laudantium blanditiis accusamus voluptatum commodi rem. Est sed quasi qui labore ipsam. Odit et et autem rerum.', 3, '2019-12-02 06:26:49', '2019-12-02 06:26:49'),
(41, 17, 'Cordell Stokes III', 'Architecto nulla ducimus quia aut est repellendus. Qui molestias eum ipsa recusandae et error sint. Totam non voluptatem ut maiores nobis est nulla. Necessitatibus adipisci aspernatur nihil eligendi ea.', 1, '2019-12-02 06:26:49', '2019-12-02 06:26:49'),
(42, 17, 'Retha Wilderman', 'Aliquid vel sint minus quasi voluptas cum consequatur atque. Veniam et velit molestiae ipsum nobis aut. Unde quia quo quae veniam minus quo harum est.', 1, '2019-12-02 06:26:49', '2019-12-02 06:26:49'),
(43, 47, 'Kale Lang', 'Consectetur qui saepe unde. Assumenda blanditiis sed assumenda qui doloribus deleniti eos. In vel et ducimus sit. Excepturi molestiae illum id.', 4, '2019-12-02 06:26:49', '2019-12-02 06:26:49'),
(44, 22, 'Mr. Lourdes Effertz DVM', 'Numquam quos ex libero quas exercitationem consequuntur est. Porro voluptatem molestiae aspernatur ab libero iusto. Quis sed incidunt cupiditate dolore illum rerum ad.', 0, '2019-12-02 06:26:49', '2019-12-02 06:26:49'),
(45, 41, 'Lesley Kreiger', 'Consequatur perferendis molestiae soluta doloribus qui. Molestiae delectus repudiandae sint ducimus consequuntur ea a. Porro sint incidunt commodi voluptas. Sed aut tempora odit dicta earum temporibus qui.', 5, '2019-12-02 06:26:49', '2019-12-02 06:26:49'),
(46, 23, 'Karley Larkin IV', 'Optio sed unde possimus rerum. Quo delectus officia et numquam quia reiciendis deserunt. Sed eveniet dolore enim in ipsa deserunt dicta.', 0, '2019-12-02 06:26:49', '2019-12-02 06:26:49'),
(47, 39, 'Ms. Nella Runolfsdottir', 'Explicabo rerum fugit veritatis a voluptatem laudantium. Quas similique voluptatem itaque ad facere ut. Ea expedita hic saepe dolorem. Et ut dolor non quia repudiandae quos.', 4, '2019-12-02 06:26:49', '2019-12-02 06:26:49'),
(48, 13, 'Aurelie Williamson', 'Ea et labore quaerat deleniti nesciunt. Et dolor et harum eos animi impedit tempora. Nostrum architecto quo perspiciatis hic pariatur est.', 5, '2019-12-02 06:26:49', '2019-12-02 06:26:49'),
(49, 6, 'Mr. Davion Rippin MD', 'Illum sed enim consequuntur sed. Dolor cupiditate sequi et quis illum veniam. Eveniet enim velit fugiat ducimus expedita.', 1, '2019-12-02 06:26:49', '2019-12-02 06:26:49'),
(50, 15, 'Summer Terry', 'Sint velit qui magni culpa. Eos beatae eaque veniam ut. Ratione odit dolorem corrupti eum eum.', 1, '2019-12-02 06:26:50', '2019-12-02 06:26:50'),
(51, 47, 'Nya Friesen', 'Dignissimos non sequi molestiae quibusdam aut. Dolor sequi facere porro voluptas et sint ipsum commodi. Ex dolores beatae minus perferendis.', 5, '2019-12-02 06:26:50', '2019-12-02 06:26:50'),
(52, 34, 'Dr. Austin McClure', 'Consequatur et praesentium culpa vitae. Amet reiciendis officiis dolorem consequatur minus voluptatem. Ad repudiandae illum perferendis at veniam nostrum. Sint ipsam quae velit laboriosam et qui modi.', 4, '2019-12-02 06:26:50', '2019-12-02 06:26:50'),
(53, 19, 'Joyce Morar', 'Cupiditate id non exercitationem. Officia nihil minima reprehenderit voluptatem saepe minus suscipit. Quia officiis cum blanditiis voluptatem velit.', 5, '2019-12-02 06:26:50', '2019-12-02 06:26:50'),
(54, 27, 'Diana Kling', 'Reprehenderit consectetur officiis sed eveniet dolorem nihil molestiae sit. Non aut eos deleniti dolorem maxime dolor. Enim blanditiis quasi voluptatem voluptates fuga.', 3, '2019-12-02 06:26:50', '2019-12-02 06:26:50'),
(55, 23, 'Jeramy Abernathy', 'Excepturi ut natus aperiam. Est atque illo excepturi quis. Et autem provident optio dolore est quo.', 0, '2019-12-02 06:26:50', '2019-12-02 06:26:50'),
(56, 33, 'Destinee Morissette', 'Voluptatum nihil ducimus enim consequuntur impedit. Enim fugit accusamus dolores quia. Temporibus doloremque explicabo suscipit iure vel eos eligendi. Eaque sequi delectus corrupti et eligendi praesentium.', 5, '2019-12-02 06:26:50', '2019-12-02 06:26:50'),
(57, 41, 'Mr. Alex Nikolaus IV', 'Quia magnam perferendis esse atque. Beatae voluptatum qui in veniam. Illum sint voluptatem reiciendis est. Earum non illo qui dicta ut ut.', 5, '2019-12-02 06:26:50', '2019-12-02 06:26:50'),
(58, 13, 'Anibal Rowe', 'Enim enim nihil occaecati a vel est. Earum quia asperiores rem atque qui ab explicabo consequatur. Ipsa illo facilis veniam omnis rem adipisci omnis expedita. Modi hic et fugiat consequatur quia. Cum nemo aut ad doloribus saepe.', 1, '2019-12-02 06:26:50', '2019-12-02 06:26:50'),
(59, 46, 'Pierre Lynch', 'Sed laboriosam neque earum voluptatem at in. Qui vitae ut expedita aliquid quia excepturi dolor natus. Distinctio nulla rerum dolor dolorem soluta officiis quis sit.', 5, '2019-12-02 06:26:50', '2019-12-02 06:26:50'),
(60, 3, 'Prof. Hallie Tromp Sr.', 'Provident aut et nisi autem est sed pariatur voluptatem. Enim aut non architecto quasi.', 1, '2019-12-02 06:26:50', '2019-12-02 06:26:50'),
(61, 5, 'Hailey Brakus', 'Laudantium ut itaque voluptates. Eos dolor delectus atque at unde error. Dicta ut vitae ut aut excepturi fugit sunt voluptates.', 5, '2019-12-02 06:26:50', '2019-12-02 06:26:50'),
(62, 13, 'Angel Strosin', 'Molestiae impedit ab laboriosam omnis. Ratione voluptatem enim nobis laudantium praesentium. Et consequuntur expedita saepe vero.', 1, '2019-12-02 06:26:50', '2019-12-02 06:26:50'),
(63, 23, 'Dr. Joseph Nienow Jr.', 'Saepe totam ex perspiciatis fugiat molestiae. Laborum eveniet delectus quo. Enim quod in et sunt. Explicabo consequatur ad rerum commodi.', 5, '2019-12-02 06:26:50', '2019-12-02 06:26:50'),
(64, 49, 'Gerhard Jenkins', 'Vel dolor possimus ipsum sit. Sit est at iure fugiat debitis illum. Enim non vel et quis. Consequuntur et aut alias.', 0, '2019-12-02 06:26:50', '2019-12-02 06:26:50'),
(65, 15, 'Malika Farrell DDS', 'Dicta nihil consequatur voluptatem ducimus. Veniam aut rerum dolorem libero similique dignissimos blanditiis. Excepturi quia repellendus dolorem temporibus aspernatur. Sit quo veritatis quaerat voluptatibus.', 5, '2019-12-02 06:26:50', '2019-12-02 06:26:50'),
(66, 23, 'Terrill Zulauf', 'Consequatur ipsam voluptas eligendi consequuntur est culpa dolor accusamus. Est vel quia odit et est labore sit. Aut placeat nobis ut et quo id.', 0, '2019-12-02 06:26:50', '2019-12-02 06:26:50'),
(67, 32, 'Mr. Jeff Mayer Sr.', 'Aperiam voluptates dolorem fugit dolorem voluptatum est. A facere voluptatem officiis ipsa exercitationem eveniet.', 1, '2019-12-02 06:26:50', '2019-12-02 06:26:50'),
(68, 42, 'Dr. Oliver Schneider V', 'Aut quibusdam qui dolorem. Voluptates quod eos vel et. Recusandae nam quidem voluptatem sapiente et aut. Itaque ut omnis nemo accusamus consequatur molestias. Id reprehenderit distinctio sunt.', 4, '2019-12-02 06:26:50', '2019-12-02 06:26:50'),
(69, 33, 'Brandyn Collier', 'Et dolore tempore eum ex maxime harum et. Sunt officia nesciunt ad facere. Voluptatum voluptates amet quis sint.', 0, '2019-12-02 06:26:50', '2019-12-02 06:26:50'),
(70, 29, 'Matilde Bauch', 'Sed sit suscipit ea aliquid eaque nihil. Voluptatem sit eveniet id rerum laborum est. Iste ipsum sed eum error labore ipsam nam. Dolor et officia et dolor.', 2, '2019-12-02 06:26:50', '2019-12-02 06:26:50'),
(71, 21, 'Brisa Upton', 'Fugiat nobis dolores natus et. Dolore aliquam dolorem ut doloremque eos optio. Error nihil mollitia tempore rerum voluptatibus placeat et. Et temporibus perferendis ipsa aut quaerat blanditiis.', 4, '2019-12-02 06:26:50', '2019-12-02 06:26:50'),
(72, 3, 'Mrs. Thea Hermann MD', 'Error sapiente facilis labore nesciunt libero. Consequatur et tenetur autem voluptatibus enim. Voluptatem sapiente dolorum eveniet nostrum nihil. Dolores aut possimus hic voluptatem sint magni quia.', 3, '2019-12-02 06:26:50', '2019-12-02 06:26:50'),
(73, 18, 'Prof. Joshuah Rowe Jr.', 'Aut et et hic vitae necessitatibus hic rerum. Sed aut aut explicabo sit voluptates. Cupiditate quo in sit quis. Eligendi repellendus et molestiae aut quo dolores.', 2, '2019-12-02 06:26:50', '2019-12-02 06:26:50'),
(74, 48, 'Aryanna Cummings PhD', 'Fugiat doloribus eos at repellendus nam et aut. Impedit eaque ipsa itaque. Est nisi tenetur praesentium nisi ipsum quas temporibus. Deleniti ex aut accusamus nostrum ducimus reiciendis assumenda.', 2, '2019-12-02 06:26:50', '2019-12-02 06:26:50'),
(75, 27, 'Barton Hudson', 'Totam enim quasi unde et sint tenetur quidem. Numquam ex ratione dolorum ut quo. Est doloremque dolore harum ut odio. Est nihil et rem id sit doloremque veniam.', 3, '2019-12-02 06:26:50', '2019-12-02 06:26:50'),
(76, 6, 'Jayson Reynolds', 'Consectetur dignissimos et laborum atque. Officiis qui et quia rem rerum saepe non. Et eaque vel perspiciatis optio dolorem fugiat. Rerum sit aliquid molestiae illo.', 3, '2019-12-02 06:26:50', '2019-12-02 06:26:50'),
(77, 7, 'Brooklyn Bauch', 'Commodi ratione voluptatem blanditiis aut inventore totam dolorem. Quisquam quo sit quas et. Rerum consectetur ipsa nisi natus quaerat at officia atque.', 3, '2019-12-02 06:26:50', '2019-12-02 06:26:50'),
(78, 2, 'Jerald Upton', 'Consequatur ut esse voluptas. Voluptatem exercitationem quos doloremque omnis ullam. Repellendus consequatur dolores officia nemo repudiandae tempore ut. Officiis repudiandae facilis nostrum qui.', 3, '2019-12-02 06:26:50', '2019-12-02 06:26:50'),
(79, 28, 'Prof. Catharine Runolfsson MD', 'Aut odio itaque voluptatibus quam a laborum exercitationem. Quo enim quidem corrupti harum. Dicta aut voluptates sapiente. Autem esse debitis optio ex asperiores doloremque consequatur.', 1, '2019-12-02 06:26:50', '2019-12-02 06:26:50'),
(80, 29, 'Mrs. Rafaela Zboncak IV', 'Magni est consequatur dicta est autem velit iste. Dolore vel debitis magnam ab. Sit blanditiis aut ducimus totam aspernatur. Natus magnam ea et impedit deserunt occaecati omnis.', 0, '2019-12-02 06:26:50', '2019-12-02 06:26:50'),
(81, 3, 'Marisa Kuphal', 'Sed dolorum et tempore accusamus reprehenderit nulla non aut. Tenetur sit nesciunt rem earum laudantium.', 2, '2019-12-02 06:26:51', '2019-12-02 06:26:51'),
(82, 10, 'Arnoldo Stokes', 'Distinctio rerum ut eum necessitatibus. Iusto aut fuga quae cumque deserunt inventore. Omnis qui voluptas dolorem id quibusdam laborum. Magni nesciunt est maiores. Et soluta illum quia.', 1, '2019-12-02 06:26:51', '2019-12-02 06:26:51'),
(83, 46, 'Vivien Gaylord', 'Dolores pariatur sit corporis magni in. Aut voluptatem nam eos perferendis quas debitis. Nesciunt eos ipsum et rerum quo rerum. Accusantium illum porro ipsam vel quisquam.', 1, '2019-12-02 06:26:51', '2019-12-02 06:26:51'),
(84, 13, 'Ferne Schneider', 'Rerum voluptas est est et non quisquam. Autem eius aut accusamus labore qui. Aut dolores at quia praesentium id nostrum vero officiis.', 5, '2019-12-02 06:26:51', '2019-12-02 06:26:51'),
(85, 38, 'Josephine Kiehn PhD', 'Consequuntur ad odit consequatur et omnis perferendis. Inventore qui aut ipsam vel. Labore nihil quasi aut deserunt. Possimus iste deleniti sit labore dignissimos.', 5, '2019-12-02 06:26:51', '2019-12-02 06:26:51'),
(86, 24, 'Vicenta Senger', 'Aut voluptas asperiores in voluptatibus. Facere praesentium et et voluptas numquam. Voluptas ut consequuntur dolores consequuntur doloribus quae accusamus. Tempora magni cupiditate sequi tenetur.', 0, '2019-12-02 06:26:51', '2019-12-02 06:26:51'),
(87, 8, 'Kaylin Reilly', 'Ut facere consequatur voluptas et. Atque eligendi aspernatur veniam quod nulla quia ut. Consectetur occaecati a tempore et quas ratione. Unde doloremque ab eos nostrum porro voluptatum.', 3, '2019-12-02 06:26:51', '2019-12-02 06:26:51'),
(88, 10, 'Mrs. Michelle Leannon DVM', 'Veniam distinctio temporibus omnis facere culpa. Eum suscipit quia reiciendis sit. Voluptas pariatur voluptatem excepturi qui earum.', 0, '2019-12-02 06:26:51', '2019-12-02 06:26:51'),
(89, 30, 'Mr. Merl Bergnaum Sr.', 'Laborum possimus omnis consequatur. Molestias eum minus dolore harum ut sed. Eum eum praesentium eius sed. Debitis consequatur id omnis ut perspiciatis.', 3, '2019-12-02 06:26:51', '2019-12-02 06:26:51'),
(90, 39, 'Deborah Champlin V', 'Non hic aut cum est. Corporis reiciendis sequi accusantium omnis neque odit voluptatem.', 4, '2019-12-02 06:26:51', '2019-12-02 06:26:51'),
(91, 31, 'Prof. Elinore Friesen', 'Incidunt ab asperiores omnis ratione vero temporibus. At nemo aut quibusdam dolor laborum sed.', 0, '2019-12-02 06:26:51', '2019-12-02 06:26:51'),
(92, 29, 'Kailyn Mann I', 'Quasi illo voluptatem quia qui voluptatem. Rerum ex praesentium incidunt cum unde ea. Ipsam itaque nobis eos nobis.', 1, '2019-12-02 06:26:51', '2019-12-02 06:26:51'),
(93, 40, 'Dr. Nakia Legros Sr.', 'Voluptas sed ut quo nisi. Qui est qui voluptas odit eum quia.', 1, '2019-12-02 06:26:51', '2019-12-02 06:26:51'),
(94, 10, 'Joey Borer', 'Nostrum culpa dolor dolores beatae. Incidunt earum optio voluptatum qui laudantium dolore inventore quae. Magni sed sit aut sed aut atque.', 4, '2019-12-02 06:26:51', '2019-12-02 06:26:51'),
(95, 37, 'Hillard Konopelski', 'Aliquam repellat tempora placeat. Quo laudantium quibusdam quas. Officiis est consectetur eos molestias.', 4, '2019-12-02 06:26:51', '2019-12-02 06:26:51'),
(96, 31, 'Greta Botsford', 'Id voluptas nesciunt quo dolores architecto cum error. Ducimus sequi tenetur voluptates cupiditate vel. Mollitia reiciendis earum eaque voluptatem. Iste praesentium aut quod aut est ipsam.', 2, '2019-12-02 06:26:51', '2019-12-02 06:26:51'),
(97, 40, 'Eugenia Windler', 'Deserunt quae doloremque nostrum eveniet asperiores dolores ducimus non. Dolorem cumque asperiores esse id. Odit assumenda ratione et sed maiores voluptas.', 0, '2019-12-02 06:26:51', '2019-12-02 06:26:51'),
(98, 43, 'Edythe Hackett', 'Quis rerum magnam ut hic commodi eius. Fugit ut dicta et tempora. Omnis ratione accusantium rem quia dolor sit dolores doloremque.', 1, '2019-12-02 06:26:51', '2019-12-02 06:26:51'),
(99, 24, 'Dolly Hill Sr.', 'Eos consequuntur laboriosam eos neque dolorem. Expedita ut quisquam nobis porro. In qui nemo veritatis officiis ducimus ducimus et.', 5, '2019-12-02 06:26:51', '2019-12-02 06:26:51'),
(100, 15, 'Gavin Towne', 'Delectus aut laborum quia est. Corrupti quia libero soluta nihil culpa voluptas nihil.', 2, '2019-12-02 06:26:51', '2019-12-02 06:26:51'),
(101, 48, 'Rex Kertzmann', 'Ex itaque qui ratione mollitia quia est cumque nulla. Voluptate accusantium iure aut explicabo voluptatum nesciunt. Ut officia harum debitis.', 4, '2019-12-02 06:26:51', '2019-12-02 06:26:51'),
(102, 41, 'Danyka Deckow', 'Voluptatem fuga vero aut ut cum qui cumque magnam. Voluptas sit molestiae ipsa et quidem.', 2, '2019-12-02 06:26:51', '2019-12-02 06:26:51'),
(103, 25, 'Carole Jacobson', 'Temporibus aut nemo omnis iure aut eligendi. Optio odit et sequi aut. Reprehenderit voluptatum neque sed ut quo porro. Ex voluptatem sunt asperiores dolorum eum eveniet rerum saepe.', 5, '2019-12-02 06:26:51', '2019-12-02 06:26:51'),
(104, 14, 'Ari West', 'Laboriosam id non sunt doloribus cumque autem quod. Itaque sed nemo facilis adipisci eum culpa possimus vel.', 5, '2019-12-02 06:26:51', '2019-12-02 06:26:51'),
(105, 25, 'Ms. Hilma Swaniawski', 'Est qui sapiente ut doloribus omnis architecto sunt. Molestias perspiciatis commodi dolore voluptas. Quasi magni officiis praesentium quam. Eum accusantium laborum perferendis pariatur quaerat ad labore.', 1, '2019-12-02 06:26:51', '2019-12-02 06:26:51'),
(106, 2, 'Kari Beatty Jr.', 'Est ea maxime accusamus cupiditate doloribus eum ducimus. Voluptatem aut culpa quia quod accusantium sint soluta consequatur. Aperiam quos quis dolorem. Est reiciendis recusandae odio quaerat culpa qui suscipit.', 0, '2019-12-02 06:26:51', '2019-12-02 06:26:51'),
(107, 7, 'Prof. Lila Pagac', 'Delectus quae quis impedit omnis harum voluptatem velit. Molestias culpa consequatur dignissimos qui. Quia iure magni sit adipisci sapiente.', 2, '2019-12-02 06:26:51', '2019-12-02 06:26:51'),
(108, 21, 'Brennan Ritchie', 'Autem rerum fuga magnam beatae mollitia reprehenderit quam. Aperiam eius quis qui qui eveniet. Eaque iusto placeat qui ducimus ab et consequatur. Nesciunt amet esse excepturi neque consequatur at deserunt. Voluptatem similique minus consequatur soluta.', 5, '2019-12-02 06:26:51', '2019-12-02 06:26:51'),
(109, 41, 'Mr. Roberto Koss', 'Delectus cupiditate neque culpa quisquam. Eveniet voluptatem amet alias assumenda accusantium voluptas laboriosam. Rerum culpa molestias sit sed in.', 5, '2019-12-02 06:26:51', '2019-12-02 06:26:51'),
(110, 8, 'Laurie Fadel', 'Harum aperiam a accusantium amet labore. Optio id facilis aliquam voluptatibus quis minus doloremque dolore.', 5, '2019-12-02 06:26:51', '2019-12-02 06:26:51'),
(111, 3, 'Brody Stehr', 'Eum quaerat voluptatem commodi modi officia. Quia delectus magni quia sit repellendus ut autem.', 2, '2019-12-02 06:26:52', '2019-12-02 06:26:52'),
(112, 4, 'Destin Christiansen', 'Recusandae labore sint sit incidunt. Laboriosam qui quia minima eos. Atque et qui animi cupiditate velit. Esse reprehenderit non eligendi reprehenderit.', 3, '2019-12-02 06:26:52', '2019-12-02 06:26:52'),
(113, 44, 'Vicenta Herzog', 'Aut necessitatibus veniam dolores dolor modi nisi et voluptatem. Et temporibus autem tempora dignissimos veritatis dolor minus. Est sit et eum fuga. Est adipisci molestias voluptatem reiciendis at rerum error impedit.', 3, '2019-12-02 06:26:52', '2019-12-02 06:26:52'),
(114, 3, 'Antoinette Wiza I', 'Esse tempora enim magni enim repellat sapiente dolor. Vel necessitatibus deserunt magni. Assumenda labore nisi dolorem pariatur et. Eligendi itaque omnis eligendi asperiores suscipit quibusdam mollitia.', 3, '2019-12-02 06:26:52', '2019-12-02 06:26:52'),
(115, 37, 'Kacey Gutmann', 'Deleniti libero quaerat aut impedit voluptatem quam. Est iure possimus excepturi mollitia asperiores delectus ut. Voluptatem est deserunt minus fugit neque unde. Optio consectetur amet sapiente odit explicabo delectus excepturi.', 0, '2019-12-02 06:26:52', '2019-12-02 06:26:52'),
(116, 30, 'Mr. Stanton Bernier V', 'Perspiciatis optio repellendus qui et. Recusandae perferendis officia amet in. Vel voluptate eum nobis cupiditate nam excepturi voluptatum. Consequatur nihil eos vero harum ut repellat temporibus.', 3, '2019-12-02 06:26:52', '2019-12-02 06:26:52'),
(117, 18, 'Andres Sawayn', 'Saepe ut dolorem temporibus et. Dolor impedit est non laudantium quibusdam in. Consectetur aut ut eum.', 5, '2019-12-02 06:26:52', '2019-12-02 06:26:52'),
(118, 6, 'Maida Mosciski', 'Excepturi velit consectetur dolorum voluptas nam accusamus doloribus est. Eligendi iusto tenetur ea fugiat dolorem. Ex eius voluptate eum odio esse quod officiis. Quibusdam quasi vel asperiores culpa. Cumque et similique laudantium maiores enim qui ipsum.', 3, '2019-12-02 06:26:52', '2019-12-02 06:26:52'),
(119, 31, 'Carolanne Lakin', 'Rerum non et dignissimos voluptas dolores. Deleniti quam sint et pariatur. Eligendi sint explicabo officia et. Velit ipsa dolores et distinctio.', 2, '2019-12-02 06:26:52', '2019-12-02 06:26:52'),
(120, 25, 'Joanie Huel V', 'Excepturi ad doloremque eius facere distinctio recusandae. Tenetur sequi officia occaecati quia sunt quo perferendis ad.', 3, '2019-12-02 06:26:52', '2019-12-02 06:26:52'),
(121, 32, 'Berniece Miller', 'Sed debitis aliquid quo repudiandae. Ab necessitatibus ab aut natus esse explicabo quod sapiente. Voluptate qui a voluptatum fuga voluptatum aliquid.', 0, '2019-12-02 06:26:52', '2019-12-02 06:26:52'),
(122, 45, 'Benton Durgan IV', 'Doloribus rerum a sed in quis maiores ut molestiae. Omnis dolore quia modi eius aut impedit dolor. Qui inventore nemo odio aliquam sed.', 2, '2019-12-02 06:26:52', '2019-12-02 06:26:52'),
(123, 47, 'Prof. Nikita Hoeger V', 'Tenetur hic quasi quo numquam dicta et voluptatem. Minus velit dignissimos veritatis maiores architecto. Error molestiae architecto quisquam non nostrum nisi possimus.', 5, '2019-12-02 06:26:52', '2019-12-02 06:26:52'),
(124, 46, 'Nico Marvin V', 'Debitis quos et quo dignissimos nostrum excepturi. Mollitia culpa nihil sit distinctio architecto suscipit. Quo rerum velit impedit quasi. Vel facere nesciunt molestias et adipisci.', 3, '2019-12-02 06:26:52', '2019-12-02 06:26:52'),
(125, 11, 'Mr. Akeem Daniel', 'Et ratione nulla magnam aliquid eum dolorem blanditiis. Provident quia voluptatem rerum fugit. Beatae placeat odio ea quia. Id ullam sed in.', 4, '2019-12-02 06:26:52', '2019-12-02 06:26:52'),
(126, 18, 'Dillan Grant I', 'Perferendis blanditiis molestias dolores ipsa eum quae porro. Ea saepe quia exercitationem mollitia vitae. Omnis iste minima non enim omnis.', 1, '2019-12-02 06:26:52', '2019-12-02 06:26:52'),
(127, 3, 'Nicolette Kuphal MD', 'Animi magni quia non sit aut quia. Porro magni quasi quae voluptatem. Quisquam voluptatibus dolorem voluptas molestiae nesciunt.', 4, '2019-12-02 06:26:52', '2019-12-02 06:26:52'),
(128, 38, 'Gabe Braun', 'Corrupti eligendi odio asperiores eos. Repudiandae enim ut fuga. Dolore qui rem consequuntur dolore et quos perferendis. Nesciunt assumenda nam placeat quia nulla aut non voluptas. Non dolorem quaerat sit deserunt deserunt.', 3, '2019-12-02 06:26:52', '2019-12-02 06:26:52'),
(129, 25, 'Greyson Gerhold', 'Id blanditiis asperiores blanditiis excepturi natus. Quod veritatis aut temporibus doloremque et nihil saepe. Consectetur repellat voluptatum cupiditate dolorum.', 5, '2019-12-02 06:26:52', '2019-12-02 06:26:52'),
(130, 24, 'Karine Gaylord', 'Et reprehenderit vel ullam explicabo veniam incidunt expedita quisquam. Enim explicabo et temporibus ipsum eum velit. Quibusdam eos eaque consequatur saepe ea. Eligendi atque optio iste provident occaecati ea.', 5, '2019-12-02 06:26:52', '2019-12-02 06:26:52'),
(131, 33, 'Jesus Will II', 'Quo laboriosam sed qui eos est. Eum neque voluptatem amet nemo. Aut ipsum sit sed nulla.', 4, '2019-12-02 06:26:52', '2019-12-02 06:26:52'),
(132, 14, 'Prof. Jose Mitchell IV', 'Id illum et expedita suscipit aliquam. Architecto repellat tempore eligendi. Velit est numquam esse. Saepe quasi architecto consequatur est quam culpa harum doloribus.', 3, '2019-12-02 06:26:52', '2019-12-02 06:26:52'),
(133, 8, 'Darrell Witting', 'Veniam qui repellat ut ipsa. Sit explicabo accusantium excepturi voluptas recusandae quod rem. Asperiores at eum sed quasi rerum fugit vel.', 4, '2019-12-02 06:26:52', '2019-12-02 06:26:52'),
(134, 32, 'Mr. Jefferey Bauch', 'Ab non in accusantium autem nemo dolor enim qui. Qui corporis iure et. Iure eaque nihil voluptas rerum. Ipsum optio quia dolor perferendis eligendi beatae officiis.', 3, '2019-12-02 06:26:52', '2019-12-02 06:26:52'),
(135, 3, 'Vicenta Bernhard MD', 'Tenetur nesciunt tenetur aut reiciendis ea non minus. Delectus est velit aperiam praesentium enim eligendi quis. Fuga autem quibusdam necessitatibus et non reiciendis.', 1, '2019-12-02 06:26:52', '2019-12-02 06:26:52'),
(136, 28, 'Mariela Macejkovic', 'Vero tempora quis aut. Expedita facere reiciendis et iste architecto optio. Quo accusamus consequatur iure eligendi dignissimos. Et error aliquam autem enim non.', 4, '2019-12-02 06:26:52', '2019-12-02 06:26:52'),
(137, 10, 'Miss Laurie Swift V', 'Qui et tempore assumenda similique laboriosam. Et beatae eos dicta autem. Delectus libero amet vel ut amet. Iusto nesciunt sed doloremque deserunt inventore et earum. Quas iure possimus rerum sapiente et.', 5, '2019-12-02 06:26:52', '2019-12-02 06:26:52'),
(138, 10, 'Edward McGlynn', 'A quibusdam voluptatem itaque. Quas in deserunt cumque eos harum ut voluptatem libero. Aut magnam beatae aut est.', 5, '2019-12-02 06:26:52', '2019-12-02 06:26:52'),
(139, 41, 'Mr. Chester Haley I', 'Veritatis ullam nulla nemo tempore. Aut qui consequatur sapiente. Labore voluptatum qui perspiciatis corporis dolor. Quas eaque non aut sed.', 0, '2019-12-02 06:26:52', '2019-12-02 06:26:52'),
(140, 12, 'Clemmie Bergnaum', 'Dolores cupiditate impedit qui assumenda in illo. Laudantium enim itaque impedit vel sapiente aut et. Quam exercitationem atque nam ut. Consectetur dolor ratione laudantium corrupti. Iste vel quisquam ut at non labore vel.', 5, '2019-12-02 06:26:52', '2019-12-02 06:26:52'),
(141, 20, 'Mr. Bernardo Hoppe', 'Eaque ipsam sequi error est et. Ut sed ducimus magni error quo provident. Repellendus impedit ut et numquam. Est et atque molestiae voluptatibus tenetur non nam.', 0, '2019-12-02 06:26:52', '2019-12-02 06:26:52'),
(142, 23, 'Judy West I', 'Et ut sunt non aut. Iusto doloremque vero mollitia corrupti minus dolor. Accusamus vitae qui ratione debitis voluptatum.', 4, '2019-12-02 06:26:52', '2019-12-02 06:26:52'),
(143, 1, 'Britney Mitchell', 'Quaerat et amet necessitatibus eius doloremque. Beatae amet natus asperiores dolorem. Excepturi eveniet culpa mollitia itaque.', 2, '2019-12-02 06:26:53', '2019-12-02 06:26:53'),
(144, 32, 'Constantin Borer Sr.', 'Quo sit dolorem reiciendis rem iste cupiditate. Molestias molestias quia dolor. Nemo et pariatur mollitia sapiente similique quaerat.', 1, '2019-12-02 06:26:53', '2019-12-02 06:26:53'),
(145, 34, 'Gerson Simonis II', 'Quia in dolorum hic dolorem. Est provident neque quia est quae. Voluptatibus qui assumenda rem qui sint nobis nihil. Quaerat labore voluptatem dolor quo quia. Ipsum praesentium est voluptas ea aliquid in quod.', 1, '2019-12-02 06:26:53', '2019-12-02 06:26:53'),
(146, 46, 'Eldon Berge', 'Laborum excepturi et aperiam rerum. Sit quia esse non quis ullam officia veniam. Possimus nam facere ut molestiae voluptatem. Qui voluptates omnis illo dolorem.', 4, '2019-12-02 06:26:53', '2019-12-02 06:26:53'),
(147, 5, 'Rollin Wuckert DVM', 'Consequatur aliquid fuga tenetur aut rerum dolorum ut quaerat. Velit aperiam aspernatur modi sunt et fugit dolorum eligendi. Sint tenetur molestias maiores ducimus aperiam aut culpa maxime. Excepturi ut quis veritatis voluptas et aut.', 0, '2019-12-02 06:26:53', '2019-12-02 06:26:53'),
(148, 13, 'Ryan Johns III', 'Dolor rem quaerat id quis. Porro temporibus occaecati qui. Ratione qui rerum sint rem. Adipisci non assumenda occaecati perspiciatis. Sit quaerat deleniti vel facere accusamus alias.', 0, '2019-12-02 06:26:53', '2019-12-02 06:26:53'),
(149, 11, 'Meghan Lind', 'Et possimus qui ea. Eaque rerum dolores quos maxime. Aut enim quis animi deserunt perspiciatis eos. Voluptatibus eos quos quasi eius.', 4, '2019-12-02 06:26:53', '2019-12-02 06:26:53'),
(150, 20, 'Selina Hoppe', 'Iusto id similique quia id quidem illum recusandae ipsa. Nihil magnam placeat aut qui architecto laudantium. Excepturi rem temporibus dolorem facilis quasi adipisci.', 4, '2019-12-02 06:26:53', '2019-12-02 06:26:53'),
(151, 24, 'Zoila Nader', 'Et neque ducimus esse sint est. Quia similique modi perferendis ipsum cumque. Ea pariatur eos non quae iusto et.', 0, '2019-12-02 06:26:53', '2019-12-02 06:26:53'),
(152, 37, 'Hollis Kessler', 'Reiciendis natus praesentium assumenda. Consequatur similique ut dolor enim. Maxime quia aperiam eos nobis rerum sed consectetur. Distinctio aut vero atque magni cupiditate.', 1, '2019-12-02 06:26:53', '2019-12-02 06:26:53'),
(153, 6, 'Prof. Janessa Ondricka', 'Quia rerum voluptatibus ut nihil. Et cum eligendi laudantium numquam autem ullam dolor eveniet. Adipisci ratione omnis suscipit unde et.', 4, '2019-12-02 06:26:53', '2019-12-02 06:26:53'),
(154, 30, 'Magdalena Denesik', 'Error exercitationem et quae quisquam tempore distinctio inventore. Assumenda in sequi asperiores. Eaque dolores iste error nobis.', 0, '2019-12-02 06:26:53', '2019-12-02 06:26:53'),
(155, 44, 'Mr. Donnell Brakus', 'Aut sint beatae ullam. Laboriosam quae doloremque omnis est impedit atque quis. Nobis neque molestiae impedit dicta hic consequuntur.', 1, '2019-12-02 06:26:53', '2019-12-02 06:26:53'),
(156, 36, 'Gayle Shanahan II', 'Unde repudiandae deleniti rem esse atque eum perspiciatis in. Nesciunt quo mollitia atque recusandae est et. Numquam qui repellendus incidunt quidem a.', 4, '2019-12-02 06:26:53', '2019-12-02 06:26:53'),
(157, 19, 'Maurine Renner', 'Dolor enim at in aut. Quo quidem nam minima vitae. Tempora alias iure quam ut. Magni consequatur nesciunt quaerat dolorem a.', 2, '2019-12-02 06:26:53', '2019-12-02 06:26:53'),
(158, 12, 'Uriel Huel', 'Odio qui cumque minima sint ut. Laboriosam odit deserunt velit aut esse sunt porro veniam. Enim illum voluptatum soluta tempore et nulla. Porro quos qui quasi aspernatur optio voluptatem aliquam.', 2, '2019-12-02 06:26:53', '2019-12-02 06:26:53'),
(159, 14, 'Mrs. Carmela Kiehn', 'Culpa quaerat ratione necessitatibus ut quia vel. Alias aut quas voluptas qui. Ut animi deleniti quibusdam non ea error.', 3, '2019-12-02 06:26:53', '2019-12-02 06:26:53'),
(160, 35, 'Prof. Emelia Grady', 'Molestias praesentium temporibus minima eaque. Amet alias et quis autem natus et. Aliquam et occaecati repellendus fuga illo qui sint enim. Sed est repellendus aut nisi aliquam aut facilis fugiat.', 0, '2019-12-02 06:26:53', '2019-12-02 06:26:53'),
(161, 32, 'Ernestina Kovacek V', 'Fuga iste et expedita blanditiis explicabo. Saepe ea harum beatae modi quis quia. Blanditiis ut autem quo. Tempore neque ut fugiat ab cumque ad. Pariatur et autem perferendis quas.', 0, '2019-12-02 06:26:53', '2019-12-02 06:26:53'),
(162, 16, 'Shanon Rutherford', 'Itaque neque incidunt et laborum reiciendis a. Voluptates nihil sint molestiae dolor. Quis facere sunt optio sapiente quia.', 1, '2019-12-02 06:26:53', '2019-12-02 06:26:53'),
(163, 46, 'Dr. Daron Zieme', 'Vel voluptatem esse et velit mollitia. Repudiandae impedit aperiam ipsa. Et enim quis sunt perspiciatis accusantium incidunt.', 4, '2019-12-02 06:26:53', '2019-12-02 06:26:53'),
(164, 35, 'Maurine Zulauf', 'Enim quod laboriosam laboriosam. Velit hic dolorem consectetur ratione rerum. Et autem officiis doloribus recusandae at illum et. Quisquam atque vitae veritatis est sit nihil.', 0, '2019-12-02 06:26:53', '2019-12-02 06:26:53'),
(165, 23, 'Clemens Krajcik III', 'Laboriosam mollitia debitis pariatur recusandae. Vero perspiciatis aperiam non.', 4, '2019-12-02 06:26:53', '2019-12-02 06:26:53'),
(166, 8, 'Victoria Waters', 'Quaerat saepe culpa ut. Aliquam quia soluta quisquam optio excepturi accusantium magni ipsa. Cum possimus aliquid omnis cumque porro impedit.', 0, '2019-12-02 06:26:53', '2019-12-02 06:26:53'),
(167, 44, 'Dr. Elmer Windler', 'Provident atque voluptatem enim beatae qui. Et est quia non aut. Atque rerum dolorum ea deleniti odit blanditiis corrupti.', 4, '2019-12-02 06:26:53', '2019-12-02 06:26:53'),
(168, 5, 'Jaron Mayert', 'Eius quam ad illo et. Provident ratione repellendus alias delectus occaecati nesciunt. Occaecati labore et quidem qui quam accusantium a.', 4, '2019-12-02 06:26:53', '2019-12-02 06:26:53'),
(169, 25, 'Prof. Bernard Lynch V', 'Minima eum repellendus dolore quia placeat quo eligendi. Velit quaerat dolorem nemo et. Cum esse unde nobis corrupti praesentium.', 2, '2019-12-02 06:26:53', '2019-12-02 06:26:53'),
(170, 47, 'Ms. Drew Senger Sr.', 'A et neque ut. Dolore quia harum quo eos. Sint voluptate eos magni quibusdam eaque nulla.', 1, '2019-12-02 06:26:53', '2019-12-02 06:26:53'),
(171, 33, 'Mrs. Shania Wolf', 'Sint sit quam aliquam consequatur. Praesentium nulla rerum iusto omnis accusantium. Odit ea nobis debitis accusantium perspiciatis. Ab et dolore ut ea. Ut ut dolore optio et molestias perspiciatis eveniet est.', 2, '2019-12-02 06:26:53', '2019-12-02 06:26:53'),
(172, 46, 'Dr. Rowland Hyatt II', 'Omnis ad vitae qui consectetur omnis reiciendis. Expedita excepturi vitae tempora sunt consequatur.', 3, '2019-12-02 06:26:53', '2019-12-02 06:26:53'),
(173, 48, 'Prof. Keon Lueilwitz PhD', 'Fugit nihil at maxime hic qui amet incidunt. Iusto quas et culpa maiores qui in. A alias eum similique temporibus.', 2, '2019-12-02 06:26:53', '2019-12-02 06:26:53'),
(174, 42, 'Taurean Wisoky', 'Vel quasi est possimus consectetur consequatur blanditiis nulla. Corrupti facilis non corporis ut animi impedit ratione sunt. Et iure ipsa magnam et exercitationem vel. Blanditiis error quod et numquam nam praesentium consequuntur eius.', 3, '2019-12-02 06:26:53', '2019-12-02 06:26:53'),
(175, 34, 'Miss Earnestine Walker', 'Eius qui ut aspernatur quidem magni dicta sed. Dolorum inventore voluptatem quas error ratione odit. Eveniet deleniti blanditiis voluptates maxime.', 5, '2019-12-02 06:26:54', '2019-12-02 06:26:54'),
(176, 16, 'Tobin Mayert V', 'Voluptas vel vitae et expedita. Vel quisquam enim labore animi autem. Omnis commodi labore numquam maxime earum.', 5, '2019-12-02 06:26:54', '2019-12-02 06:26:54'),
(177, 21, 'Malika Brown', 'Omnis ad nihil est itaque. Iusto reiciendis molestias exercitationem reiciendis ipsum molestiae. Enim alias nulla nulla architecto in nihil et.', 0, '2019-12-02 06:26:54', '2019-12-02 06:26:54'),
(178, 30, 'Ms. Brandy Sawayn I', 'Sit dolorem fuga nesciunt in ea magnam ducimus alias. Vel eveniet sed cupiditate. Non est architecto ipsam qui. Maiores temporibus dignissimos debitis quia est modi ut.', 2, '2019-12-02 06:26:54', '2019-12-02 06:26:54'),
(179, 46, 'Kevin Gottlieb', 'Ut vero soluta ipsum aliquid ad vitae. Quas enim est quas aut doloribus. Possimus quod quia quisquam autem est aspernatur non.', 3, '2019-12-02 06:26:54', '2019-12-02 06:26:54'),
(180, 41, 'Bridget Jones', 'Ut recusandae eos iusto tempora aspernatur. Maxime distinctio id magnam accusantium rem molestias in. Non eos quod esse nihil assumenda aperiam.', 0, '2019-12-02 06:26:54', '2019-12-02 06:26:54'),
(181, 38, 'Ora Leuschke Sr.', 'Voluptate voluptatum vel maiores cumque. Ut sapiente reprehenderit asperiores necessitatibus ipsum non placeat et. Ipsum illo ut quia ratione cupiditate. Consequatur iste iure dolorem esse.', 2, '2019-12-02 06:26:54', '2019-12-02 06:26:54'),
(182, 8, 'Guadalupe Jones DVM', 'Velit molestiae in deleniti repudiandae placeat maiores. Facere aut aut sint quia excepturi labore dolores explicabo. Quae sit asperiores deleniti aut labore asperiores. Numquam quia eius ducimus quo et.', 5, '2019-12-02 06:26:54', '2019-12-02 06:26:54'),
(183, 47, 'Ursula Lang', 'Impedit deserunt aut rerum. Non tenetur impedit provident velit quia error. Quo omnis quo et adipisci.', 4, '2019-12-02 06:26:54', '2019-12-02 06:26:54'),
(184, 29, 'Asha Grady', 'Est vitae sint error aliquid ullam sunt rem. Delectus aspernatur placeat omnis repudiandae. Nesciunt quae deleniti eaque totam assumenda.', 3, '2019-12-02 06:26:54', '2019-12-02 06:26:54'),
(185, 1, 'Lafayette Kozey', 'Consequatur minus omnis iusto ducimus voluptas natus sed. Earum et maxime et qui reiciendis et. Dicta ut fuga totam voluptatem nam. Natus aliquid voluptatem quidem saepe.', 1, '2019-12-02 06:26:54', '2019-12-02 06:26:54'),
(186, 48, 'Liza Durgan', 'Ut quia amet ex atque fugit ut. Eligendi velit officiis qui animi ut id voluptas. Sed in labore nihil rem velit nihil. Nihil autem corrupti dicta corrupti non eum.', 3, '2019-12-02 06:26:54', '2019-12-02 06:26:54'),
(187, 33, 'Sid Bergnaum', 'Omnis adipisci ipsa omnis. Doloremque quo officia esse est in. Dolorem aut rem voluptatibus eos.', 3, '2019-12-02 06:26:54', '2019-12-02 06:26:54'),
(188, 45, 'Payton Schmidt', 'Nihil architecto rerum in quidem sint. Doloribus maxime aliquid est illo ratione quibusdam inventore veritatis. Nam exercitationem assumenda ducimus quaerat esse dolor in excepturi. Saepe sapiente quia mollitia aut nulla.', 0, '2019-12-02 06:26:54', '2019-12-02 06:26:54'),
(189, 11, 'Abby Heaney', 'Tenetur dolor eius quia voluptas omnis. Quia accusantium explicabo quod sequi consequatur. Reiciendis quis quidem reprehenderit voluptatum itaque incidunt dolorum.', 4, '2019-12-02 06:26:54', '2019-12-02 06:26:54'),
(190, 10, 'Clare Ortiz', 'Eum necessitatibus qui officia odio deleniti sed. Et architecto eos esse quam voluptas earum aut rerum. Voluptatibus et minima officiis qui ut. Reiciendis officia quia facere dolorem rem qui. Deserunt nemo dolorum voluptatibus veritatis facilis vero.', 1, '2019-12-02 06:26:54', '2019-12-02 06:26:54'),
(191, 40, 'Branson Weissnat', 'Quos maiores reprehenderit rerum aut. Magni ut illum vero voluptatem delectus aliquid tempora. Iste voluptatem at quis aut dicta deserunt. Minus voluptatem fuga debitis et sit reprehenderit veniam dolor.', 4, '2019-12-02 06:26:54', '2019-12-02 06:26:54'),
(192, 6, 'Gilberto Morissette', 'Delectus dicta excepturi libero natus. Sunt mollitia et ut ipsa incidunt molestiae et. Minima eos eos ipsum nisi a expedita qui.', 1, '2019-12-02 06:26:54', '2019-12-02 06:26:54'),
(193, 20, 'Ofelia Fay', 'Ut doloribus delectus voluptas suscipit similique quae ipsa ut. Aut qui dolorem qui blanditiis a. Tenetur incidunt commodi in perspiciatis animi. Atque porro nihil similique expedita velit.', 0, '2019-12-02 06:26:54', '2019-12-02 06:26:54'),
(194, 4, 'Velva Donnelly', 'Sit asperiores vero ad nihil et voluptate. Culpa sint sit architecto iusto. Quo incidunt quaerat vero vitae. Possimus qui ipsam aut voluptatibus omnis adipisci quos at.', 2, '2019-12-02 06:26:54', '2019-12-02 06:26:54'),
(195, 19, 'Mr. Elmer Schneider I', 'Impedit autem non nihil inventore. Laborum libero molestiae unde non molestias. Ex maxime ipsum dolorem dolor ut qui sequi.', 1, '2019-12-02 06:26:54', '2019-12-02 06:26:54'),
(196, 27, 'Dr. Octavia Lind', 'Officia dolorem sunt dolores labore qui doloremque. Quam et recusandae voluptates vero quae. Labore et laboriosam ducimus voluptatem odit sunt. Natus et et enim dolores quae quis enim. Et soluta exercitationem iure eos quibusdam.', 1, '2019-12-02 06:26:54', '2019-12-02 06:26:54'),
(197, 49, 'Rudy Fay Jr.', 'Facilis dolores nesciunt aperiam dolorem ut. Quasi non nulla ut explicabo aspernatur aut. Voluptates error a excepturi quisquam ipsa ipsum facere.', 2, '2019-12-02 06:26:54', '2019-12-02 06:26:54'),
(198, 18, 'Dr. Julien Corwin', 'Sit saepe quo quos suscipit. Soluta odio aut laborum quaerat quidem.', 1, '2019-12-02 06:26:54', '2019-12-02 06:26:54'),
(199, 25, 'Waylon Williamson', 'Temporibus asperiores odit hic possimus. Expedita reiciendis rerum reiciendis quas quis. Id fugiat laboriosam dignissimos quia vel necessitatibus et facilis. Repellat vero id et molestias libero.', 2, '2019-12-02 06:26:54', '2019-12-02 06:26:54'),
(200, 41, 'Callie Schaefer', 'Corporis veniam ea voluptas laborum sequi blanditiis libero. Similique nesciunt dolorem est distinctio fuga. Aliquam nihil aliquid quae quisquam et eligendi. Reprehenderit dolore et nisi qui et doloremque non.', 4, '2019-12-02 06:26:54', '2019-12-02 06:26:54'),
(201, 39, 'Sandy Orn', 'Reprehenderit excepturi quo autem dolores aut voluptates sunt labore. Aperiam ut earum exercitationem vitae. Magnam dolor rem dignissimos aut. Velit ea cum laudantium aliquam autem itaque.', 4, '2019-12-02 06:26:54', '2019-12-02 06:26:54'),
(202, 37, 'Travis Hagenes', 'Fuga possimus at maxime adipisci. Tempore deleniti quis explicabo aut molestiae sint. Quia fuga nobis eaque rerum nisi numquam.', 2, '2019-12-02 06:26:54', '2019-12-02 06:26:54'),
(203, 47, 'Ayden Harber', 'Quasi voluptas voluptatem assumenda ut. Illo id animi velit doloribus dolorem perferendis. Illum ut qui hic enim. Perspiciatis molestias recusandae velit est labore et error eveniet. Sunt natus numquam eligendi.', 5, '2019-12-02 06:26:54', '2019-12-02 06:26:54'),
(204, 34, 'Wilmer Nolan', 'Quia quae corrupti vel aut eligendi officiis qui. Minus itaque dignissimos quia harum neque.', 4, '2019-12-02 06:26:54', '2019-12-02 06:26:54'),
(205, 22, 'Fredy Shields', 'Natus commodi aut voluptatum officiis vel velit. Distinctio vel fugiat voluptas nemo eum. Voluptatem aut praesentium consequatur qui aut architecto repellat. Voluptatem beatae aut dolorem laboriosam architecto aliquid velit.', 0, '2019-12-02 06:26:55', '2019-12-02 06:26:55'),
(206, 25, 'Davion O\'Conner', 'In corrupti dolorem enim amet natus saepe. Nostrum aut officiis quae qui. Exercitationem sunt voluptatem nihil sint. Aspernatur provident qui eos corrupti tenetur nostrum.', 1, '2019-12-02 06:26:55', '2019-12-02 06:26:55'),
(207, 7, 'Isabel Renner', 'Velit officiis debitis similique distinctio rerum. Doloribus explicabo repellat quia eos. Magnam excepturi voluptatum hic omnis aliquam saepe quis. Enim aut sunt aliquid earum totam consequuntur totam.', 5, '2019-12-02 06:26:55', '2019-12-02 06:26:55'),
(208, 8, 'Kenton Wehner', 'Asperiores expedita debitis nulla enim iusto. Dolorum repellendus doloremque et est magni rerum.', 0, '2019-12-02 06:26:55', '2019-12-02 06:26:55'),
(209, 16, 'Johnathon Wyman', 'Nam quae itaque possimus fugiat deserunt. Dolor quas non aut odio. Eius eum ducimus ut non eos quaerat asperiores. Nihil perspiciatis dolorum delectus iusto.', 0, '2019-12-02 06:26:55', '2019-12-02 06:26:55'),
(210, 5, 'Karlee Rodriguez', 'Et quaerat repellat qui voluptatibus quas debitis. Est labore aut sed. Laborum sed voluptatibus maiores atque esse et.', 5, '2019-12-02 06:26:55', '2019-12-02 06:26:55');
INSERT INTO `reviews` (`id`, `product_id`, `customer`, `review`, `star`, `created_at`, `updated_at`) VALUES
(211, 48, 'Eudora McDermott', 'Beatae quis nobis voluptatem aperiam beatae non et. Vel nam velit et quia nam ut. Laborum qui et quod quasi quod nemo.', 5, '2019-12-02 06:26:55', '2019-12-02 06:26:55'),
(212, 50, 'Mrs. Izabella Gislason', 'Ea blanditiis eum sed incidunt voluptatem est labore vitae. Velit ea labore non qui ea voluptatum dolore.', 5, '2019-12-02 06:26:55', '2019-12-02 06:26:55'),
(213, 33, 'Miss Annalise Metz', 'Et quas nam corporis ut ut laboriosam. Rerum est iure possimus.', 3, '2019-12-02 06:26:55', '2019-12-02 06:26:55'),
(214, 40, 'Vida Langworth DDS', 'Ducimus corporis nesciunt rerum dolores. Voluptates libero fugit doloremque maiores facere qui in quos. Saepe ea quam commodi consequuntur eaque magnam non.', 0, '2019-12-02 06:26:55', '2019-12-02 06:26:55'),
(215, 5, 'Mrs. Teagan Spinka', 'Non blanditiis alias qui consequuntur voluptas veritatis asperiores. Modi magnam vel laborum quis molestiae. Est aut fuga qui accusantium ab incidunt assumenda.', 3, '2019-12-02 06:26:55', '2019-12-02 06:26:55'),
(216, 22, 'Stephanie Simonis', 'Optio ut officiis doloribus sequi. Et saepe ratione dicta fugit voluptas assumenda sunt est. Molestiae eveniet est laboriosam commodi cum ipsam sunt. Commodi aut culpa libero id nesciunt.', 5, '2019-12-02 06:26:55', '2019-12-02 06:26:55'),
(217, 36, 'Joanny Connelly', 'Neque doloremque dicta est in. Reiciendis quia veniam dolores dolorem iure nihil consectetur. Enim voluptates repudiandae temporibus.', 0, '2019-12-02 06:26:55', '2019-12-02 06:26:55'),
(218, 27, 'Kallie Johnson DVM', 'Cumque iste dolor eos repellat quidem nisi ullam. Minima corporis qui eos assumenda. Saepe rerum itaque voluptas quae.', 2, '2019-12-02 06:26:55', '2019-12-02 06:26:55'),
(219, 13, 'Dr. Charlene Johnston DVM', 'Ut nisi explicabo dolore molestias. Alias sequi earum ea commodi sed omnis. Doloremque consequuntur expedita quia quia.', 1, '2019-12-02 06:26:56', '2019-12-02 06:26:56'),
(220, 16, 'Leonardo Eichmann', 'Enim delectus commodi nisi. Molestiae sit asperiores maiores quia laboriosam accusamus. Voluptatum voluptates officia mollitia. Dolorem perspiciatis facere necessitatibus.', 1, '2019-12-02 06:26:56', '2019-12-02 06:26:56'),
(221, 40, 'Miss Marietta Kreiger', 'Tempore quisquam recusandae veniam mollitia sint quaerat sit iusto. Est delectus optio aspernatur architecto eum quo. Labore et non et qui porro.', 2, '2019-12-02 06:26:56', '2019-12-02 06:26:56'),
(222, 28, 'Roger Marquardt', 'Suscipit totam dolor voluptatum ducimus non quia qui. Adipisci in voluptate velit natus aspernatur. Occaecati vero temporibus provident dolorum molestiae. Qui ut id fugiat.', 5, '2019-12-02 06:26:56', '2019-12-02 06:26:56'),
(223, 16, 'Mr. Peter Robel Sr.', 'Blanditiis commodi voluptate adipisci id. Voluptas aliquam eius sequi. Et doloribus tenetur eos sint.', 2, '2019-12-02 06:26:56', '2019-12-02 06:26:56'),
(224, 25, 'Lelah Howell I', 'Sit molestias quas non quaerat magnam ea quo ullam. Quisquam ratione porro quis porro. Voluptas libero animi aut magnam vel rem. Dolore enim molestiae aut quis.', 3, '2019-12-02 06:26:56', '2019-12-02 06:26:56'),
(225, 45, 'Joanny Heidenreich', 'Rerum sint cum placeat hic corporis eos. Quo recusandae voluptatem temporibus in maiores magnam magnam. Voluptates dolor doloremque consectetur.', 1, '2019-12-02 06:26:56', '2019-12-02 06:26:56'),
(226, 36, 'Golden Schoen Jr.', 'Eos voluptate explicabo voluptatem quia voluptatibus. Aut ut qui voluptatem consequuntur incidunt quis deleniti. Dolorum consequatur velit iure qui aliquid excepturi expedita eos. Dicta et expedita autem minus et.', 2, '2019-12-02 06:26:56', '2019-12-02 06:26:56'),
(227, 12, 'Rossie Carter', 'Consequatur assumenda incidunt nesciunt est voluptatibus ut omnis. Assumenda ut quae consequatur nesciunt ut in amet. Enim at tempore et voluptas vel velit.', 5, '2019-12-02 06:26:56', '2019-12-02 06:26:56'),
(228, 13, 'Edgar Bradtke', 'Fugit ut ratione velit atque qui. Aut blanditiis quisquam aut. Dolores nisi molestias maxime blanditiis assumenda numquam eos esse. Qui cum ratione voluptatem ut.', 1, '2019-12-02 06:26:56', '2019-12-02 06:26:56'),
(229, 9, 'Hardy Steuber', 'Molestiae quos qui delectus odit sit eos. Dolorem optio tempore deleniti eum. Ex nemo quis autem nisi blanditiis sed.', 5, '2019-12-02 06:26:56', '2019-12-02 06:26:56'),
(230, 5, 'Beaulah Breitenberg', 'Sunt illo similique corporis. Voluptas delectus mollitia necessitatibus blanditiis dignissimos corrupti doloribus. Ducimus asperiores recusandae reprehenderit voluptate est.', 3, '2019-12-02 06:26:56', '2019-12-02 06:26:56'),
(231, 16, 'Virginia Hills', 'Eos quia similique culpa eos. Esse similique dolorem ut quasi aliquid facilis doloribus possimus. Sed voluptas vero atque id doloremque et numquam.', 4, '2019-12-02 06:26:56', '2019-12-02 06:26:56'),
(232, 11, 'Vicente Bernhard III', 'Ea pariatur consequuntur consequatur dolore magnam dignissimos et. Est quaerat ipsam illum ut. Rerum non totam et. Accusamus in eos voluptatibus modi consequatur quo.', 1, '2019-12-02 06:26:56', '2019-12-02 06:26:56'),
(233, 24, 'Leonard Mante DVM', 'Accusantium quo totam quam repellendus blanditiis iusto excepturi. Autem praesentium ex est est odit labore autem. Tempore dolor vero perspiciatis quasi et. Iusto quia sapiente ipsa non. Maiores voluptas sint consequatur neque ut.', 1, '2019-12-02 06:26:56', '2019-12-02 06:26:56'),
(234, 16, 'Miss Hailie Ryan', 'Perferendis quae tempore in sint. Modi assumenda ipsa molestiae nulla quia. Nobis sunt excepturi maxime.', 1, '2019-12-02 06:26:56', '2019-12-02 06:26:56'),
(235, 16, 'Monte Hudson', 'Voluptatem blanditiis officiis suscipit et perspiciatis temporibus. Nam voluptatibus molestiae rerum voluptas id suscipit. Sunt sit ullam qui facilis qui dignissimos voluptatem. Excepturi qui ad aut.', 3, '2019-12-02 06:26:56', '2019-12-02 06:26:56'),
(236, 5, 'Prof. Cierra Ryan', 'Dignissimos perferendis voluptatibus totam qui incidunt eum architecto. Velit dolorum vel et ut qui. Pariatur non perferendis quas voluptates magni. Veritatis quis autem eveniet corrupti vero cum est.', 3, '2019-12-02 06:26:56', '2019-12-02 06:26:56'),
(237, 34, 'Mr. Marcus Tremblay', 'Dolorem qui dolores provident quisquam. Temporibus maxime dolores dignissimos ut eos rem.', 3, '2019-12-02 06:26:56', '2019-12-02 06:26:56'),
(238, 11, 'Twila O\'Reilly', 'Officiis nemo et doloribus eligendi dolore libero rerum. Rerum dolorem velit totam id eum omnis. Non ut hic dolores tempore qui aut rerum.', 1, '2019-12-02 06:26:56', '2019-12-02 06:26:56'),
(239, 16, 'Whitney Zboncak', 'Sint voluptatem saepe optio. Libero aspernatur corrupti iusto cumque dicta repellendus consequatur reprehenderit. Molestias officia non quisquam ut dolor praesentium officiis.', 1, '2019-12-02 06:26:56', '2019-12-02 06:26:56'),
(240, 28, 'Clemmie Lockman', 'Eos soluta vel officia est. In non error aut maxime. Sit eligendi cupiditate est magni eos aspernatur et. Quaerat est qui est nemo.', 1, '2019-12-02 06:26:56', '2019-12-02 06:26:56'),
(241, 43, 'Prof. Everett Carroll', 'Praesentium veniam consequuntur quis molestiae soluta. Veritatis odit labore similique porro nemo quibusdam. Tempore et voluptatem unde.', 0, '2019-12-02 06:26:56', '2019-12-02 06:26:56'),
(242, 32, 'Dr. Eulalia Grady', 'Animi a voluptas asperiores facere quas rerum molestias et. Placeat minima laborum enim in. Fugiat quod iusto nulla.', 2, '2019-12-02 06:26:56', '2019-12-02 06:26:56'),
(243, 7, 'Randy Walter', 'Sed et adipisci minima aut facere enim. Beatae iste quidem in aliquid quo quisquam. Eaque eos est qui quas maiores ut explicabo.', 0, '2019-12-02 06:26:57', '2019-12-02 06:26:57'),
(244, 42, 'Dr. Kevin Lebsack', 'Ut qui totam libero atque. Optio cum error qui aut. Perspiciatis ut et nesciunt neque.', 1, '2019-12-02 06:26:57', '2019-12-02 06:26:57'),
(245, 12, 'Zachariah Beier', 'Recusandae error nostrum non. Ex dolor qui labore pariatur aperiam. Repellat quisquam est accusamus at.', 4, '2019-12-02 06:26:57', '2019-12-02 06:26:57'),
(246, 20, 'Kip Cartwright', 'Adipisci ut rerum provident sunt laudantium laboriosam pariatur. Cumque iure eaque rerum fugiat nobis et expedita nihil. Aut accusamus provident deserunt repudiandae.', 3, '2019-12-02 06:26:57', '2019-12-02 06:26:57'),
(247, 4, 'Bryana Littel', 'Commodi tempora dolorem at. Quibusdam ut non ad quos et pariatur dolore. Reiciendis minus consequuntur perferendis velit. Ab error fugiat facilis blanditiis amet ut.', 2, '2019-12-02 06:26:57', '2019-12-02 06:26:57'),
(248, 45, 'Rosetta Bednar', 'Libero suscipit repellendus laboriosam maxime. Rerum ex provident placeat sed. Autem quidem hic itaque.', 5, '2019-12-02 06:26:57', '2019-12-02 06:26:57'),
(249, 23, 'Fannie Jenkins', 'Sit veritatis consequatur dolorem corrupti nostrum excepturi. Aut sint delectus et quis. Non qui consequatur est sed animi eos.', 1, '2019-12-02 06:26:57', '2019-12-02 06:26:57'),
(250, 33, 'Cierra Nienow', 'Rerum sit rerum necessitatibus qui. Sed et quisquam officia sit at quia praesentium. Tempore ut officiis architecto aliquam debitis.', 2, '2019-12-02 06:26:57', '2019-12-02 06:26:57'),
(251, 36, 'Mrs. Anjali Price MD', 'Consectetur occaecati consequatur aliquid est. Sed eos reprehenderit sunt similique enim doloremque. Facere quo et recusandae quibusdam.', 5, '2019-12-02 06:26:57', '2019-12-02 06:26:57'),
(252, 17, 'Levi Schiller', 'Quia molestiae dolor quasi commodi et nisi omnis. Tempora consectetur quia et deleniti aperiam deserunt officiis. Molestias quia expedita est doloribus et consequatur. Recusandae rerum autem rerum incidunt earum commodi ipsam.', 2, '2019-12-02 06:26:57', '2019-12-02 06:26:57'),
(253, 14, 'Mrs. Malika Auer', 'Facere nesciunt est eos animi. Ut voluptas dolorem eum consequatur sit molestias ut in. Provident voluptates eos molestiae corporis voluptatibus.', 1, '2019-12-02 06:26:57', '2019-12-02 06:26:57'),
(254, 7, 'Chanelle Emard', 'Quia vel nisi non rerum et rerum eligendi eos. Quia ut debitis fuga consequatur. Ab dicta vitae itaque sequi. Repellat repellendus non sapiente illo.', 5, '2019-12-02 06:26:57', '2019-12-02 06:26:57'),
(255, 38, 'Darby Zboncak Sr.', 'Praesentium explicabo quae omnis aliquam et amet. Perferendis deleniti earum cum vitae. Eos dolorum sed accusamus beatae et et aut harum. Harum qui nostrum qui esse. Nihil quibusdam et numquam iste nihil dolor est.', 5, '2019-12-02 06:26:57', '2019-12-02 06:26:57'),
(256, 29, 'Elbert Morar', 'Aut perferendis reiciendis et dolorem itaque enim. Ut et corrupti inventore adipisci quasi soluta minus. Voluptatem consequatur aliquid unde voluptatem.', 5, '2019-12-02 06:26:57', '2019-12-02 06:26:57'),
(257, 23, 'Harry Collier', 'Quis reprehenderit quam similique vitae quia. Cumque consequatur blanditiis porro eaque consectetur ipsam. Itaque ad totam cupiditate iusto.', 5, '2019-12-02 06:26:57', '2019-12-02 06:26:57'),
(258, 26, 'Idella Leuschke', 'Quidem consequatur saepe labore. Nesciunt optio aut et veritatis. Doloremque ipsam neque error beatae illo id itaque sit. Vitae commodi qui repudiandae et sed fugit.', 0, '2019-12-02 06:26:57', '2019-12-02 06:26:57'),
(259, 30, 'Adelle Miller', 'Cupiditate qui ipsum voluptas odio sit odit. Inventore distinctio voluptas aut quisquam qui. Perferendis exercitationem explicabo nobis qui quo quis quasi. Ullam error dolor quod labore.', 3, '2019-12-02 06:26:57', '2019-12-02 06:26:57'),
(260, 26, 'Dr. Dawson Daniel I', 'Ab qui voluptates beatae fugit temporibus est. Expedita reprehenderit placeat magnam eius. Omnis repudiandae asperiores libero labore. Et labore pariatur aperiam sit.', 5, '2019-12-02 06:26:57', '2019-12-02 06:26:57'),
(261, 48, 'Greyson Kutch', 'Velit deserunt asperiores consequatur. Minus iste dignissimos sint hic aperiam odio impedit vel. Harum et hic qui dolor officia minima accusantium voluptates.', 2, '2019-12-02 06:26:57', '2019-12-02 06:26:57'),
(262, 31, 'Mr. Fredy Stokes Jr.', 'Quasi hic nostrum est corporis ex id. Quo id architecto officia et iure sequi eligendi. Corrupti modi repudiandae facilis unde expedita. Tempora accusamus sunt illo aspernatur.', 1, '2019-12-02 06:26:57', '2019-12-02 06:26:57'),
(263, 4, 'Waldo Brown', 'Minus quos hic explicabo est doloribus voluptates. Odit unde laboriosam enim rem rerum. Rerum repudiandae eum sit. Et numquam reprehenderit qui debitis saepe harum ut.', 0, '2019-12-02 06:26:57', '2019-12-02 06:26:57'),
(264, 35, 'Lottie Moen II', 'Facere et velit ut porro ipsa ut. Vel ullam itaque delectus nihil nulla et aut ipsum. Distinctio facilis et et consequatur.', 0, '2019-12-02 06:26:57', '2019-12-02 06:26:57'),
(265, 20, 'Elsie Wunsch', 'Omnis voluptatem inventore voluptate dolorum nemo. Ullam unde deserunt in assumenda sed nihil voluptate beatae. A eum tenetur ut omnis. Et harum iusto harum esse. Rerum dicta expedita earum ipsa error.', 1, '2019-12-02 06:26:57', '2019-12-02 06:26:57'),
(266, 11, 'Meagan Grimes', 'Quasi aspernatur iusto amet impedit. Labore repellat expedita cum. Velit quam veritatis temporibus tempora. Dolor aut alias eaque totam. Tempora et et consequatur autem aut eum.', 5, '2019-12-02 06:26:57', '2019-12-02 06:26:57'),
(267, 38, 'Moshe Schroeder DVM', 'Incidunt quis asperiores quisquam. Fugit dolor ut iure dolorem id quo veritatis. Odio esse enim accusamus. Nobis suscipit molestias maxime eaque.', 1, '2019-12-02 06:26:57', '2019-12-02 06:26:57'),
(268, 9, 'Naomi Anderson', 'Dolorem vel corrupti et debitis repudiandae voluptatum. Qui pariatur asperiores recusandae culpa commodi aut hic asperiores. Recusandae aspernatur eos fuga reprehenderit.', 4, '2019-12-02 06:26:57', '2019-12-02 06:26:57'),
(269, 45, 'Francis Gislason', 'Rerum exercitationem praesentium ut voluptatem est placeat fuga. Sit velit nobis odit aliquid autem beatae. Cumque ex culpa non deleniti est tempora consequuntur.', 5, '2019-12-02 06:26:57', '2019-12-02 06:26:57'),
(270, 7, 'Kali Runolfsson', 'Dolorem fuga sapiente in quis magni. Nostrum optio voluptas eos totam. Perspiciatis in quod qui eveniet non sint voluptatibus.', 2, '2019-12-02 06:26:57', '2019-12-02 06:26:57'),
(271, 27, 'Reynold McGlynn', 'Harum eum voluptatem pariatur neque enim. Voluptatum omnis et dolores beatae. Nam voluptate ullam qui exercitationem.', 1, '2019-12-02 06:26:57', '2019-12-02 06:26:57'),
(272, 8, 'Prof. Devin Stracke DVM', 'Sapiente facere id voluptatibus dolorem. Unde dolorum est illo facilis. Pariatur doloribus est sed est.', 2, '2019-12-02 06:26:57', '2019-12-02 06:26:57'),
(273, 2, 'Mrs. Kenna Orn Jr.', 'Consequuntur id molestiae occaecati voluptatem aut est. Id voluptates at alias distinctio est voluptatem. Laboriosam ut molestiae veniam eaque beatae. Neque blanditiis ab et sit repudiandae.', 2, '2019-12-02 06:26:57', '2019-12-02 06:26:57'),
(274, 34, 'Prof. Peyton Aufderhar DDS', 'Magnam eligendi ad et quaerat velit minus ea sint. Iste qui reiciendis laboriosam voluptatibus. Et aut cum harum velit quasi laboriosam. Earum explicabo ullam et eius laudantium.', 5, '2019-12-02 06:26:57', '2019-12-02 06:26:57'),
(275, 9, 'Prof. Jacynthe Armstrong', 'Et molestiae adipisci sunt aspernatur iste. Ipsa laudantium quibusdam id quia ad. Laudantium qui consequuntur debitis quia. Natus facere velit vitae iure ipsam optio mollitia quia.', 1, '2019-12-02 06:26:57', '2019-12-02 06:26:57'),
(276, 28, 'Sarina Sauer', 'Mollitia et nihil odit repellendus. Ab adipisci iusto placeat. Sint ut totam excepturi quia eos. Ex dolore non officia consectetur assumenda ipsa.', 2, '2019-12-02 06:26:58', '2019-12-02 06:26:58'),
(277, 6, 'Craig Boehm', 'Iste dicta accusantium non eveniet possimus. Eos sapiente quaerat aut. Deleniti laudantium quisquam ab voluptatem.', 0, '2019-12-02 06:26:58', '2019-12-02 06:26:58'),
(278, 13, 'Leta Runte', 'Qui dolores fugit sequi nostrum recusandae corporis commodi. Voluptas aut nobis quisquam necessitatibus sed voluptate. Veritatis tenetur nisi sed dignissimos.', 4, '2019-12-02 06:26:58', '2019-12-02 06:26:58'),
(279, 14, 'Rusty Gerhold IV', 'Qui molestiae beatae dignissimos minima omnis hic dolores. Distinctio rerum eos vero nisi neque ducimus. Aut dolorem voluptatem quo sit dicta consectetur rem.', 2, '2019-12-02 06:26:58', '2019-12-02 06:26:58'),
(280, 10, 'Prof. Verdie Torp', 'Temporibus iure sit amet doloribus vero eligendi quisquam et. Tempore maxime vitae eos quia necessitatibus in.', 2, '2019-12-02 06:26:58', '2019-12-02 06:26:58'),
(281, 40, 'Dr. Dejuan Steuber IV', 'Minus sunt ipsum laudantium. Voluptatibus ut atque qui quod veritatis velit. Optio labore blanditiis ducimus reprehenderit officiis perspiciatis.', 0, '2019-12-02 06:26:58', '2019-12-02 06:26:58'),
(282, 32, 'Wayne Champlin', 'Voluptatem quas accusamus quis sit. Magni dolorem nam nihil ut est qui dolorum. Laudantium nihil rerum doloribus ut.', 4, '2019-12-02 06:26:58', '2019-12-02 06:26:58'),
(283, 28, 'Mr. Erik Ratke', 'Aut iste non voluptatibus rerum numquam. Amet ducimus veritatis veritatis et libero voluptates. Excepturi cum ut ad pariatur sint sapiente quis.', 1, '2019-12-02 06:26:58', '2019-12-02 06:26:58'),
(284, 11, 'Mr. Joseph Labadie PhD', 'Voluptas eos molestiae debitis dolores. Velit dolorum placeat error occaecati. Vel tempore distinctio velit quo incidunt. Totam nemo qui mollitia repudiandae a nisi qui maxime.', 1, '2019-12-02 06:26:58', '2019-12-02 06:26:58'),
(285, 50, 'Chasity Feil', 'Quidem maiores porro dolor. Et numquam laborum ut quia ipsa optio sit. Placeat est libero voluptatem placeat consequatur. Neque cumque nihil voluptate ratione sed aut rerum.', 0, '2019-12-02 06:26:58', '2019-12-02 06:26:58'),
(286, 9, 'Laurence Pollich', 'Ad expedita consequatur pariatur alias ipsa. Laborum impedit architecto qui quod id quo non quidem. Doloremque expedita atque atque molestiae. Quas pariatur ut vitae eveniet et labore.', 3, '2019-12-02 06:26:58', '2019-12-02 06:26:58'),
(287, 29, 'Flo Graham', 'Amet inventore accusantium laudantium est laudantium molestiae. Numquam error dolorum doloribus qui. Voluptatem maxime consequatur et autem aut fugit.', 3, '2019-12-02 06:26:58', '2019-12-02 06:26:58'),
(288, 47, 'Yazmin Fahey', 'Temporibus molestiae et fugiat omnis ut adipisci. Deserunt nihil consequatur aliquid ipsa non autem eveniet. Nam sapiente accusantium veniam sed similique. Debitis tempora dicta fugit consequatur optio. Eum illo sit eum hic commodi quasi aut.', 3, '2019-12-02 06:26:58', '2019-12-02 06:26:58'),
(289, 44, 'Dr. Myron Grady Sr.', 'Pariatur eaque quisquam nihil hic et mollitia cupiditate. Error in distinctio et et unde praesentium. Sed molestiae et modi voluptas. Culpa dolorum a saepe et iusto possimus iste.', 2, '2019-12-02 06:26:58', '2019-12-02 06:26:58'),
(290, 50, 'Guiseppe Schinner', 'Dolores accusantium non quidem ipsum. Quia impedit consequatur alias ut doloribus minus. Dicta nihil expedita beatae sunt. Qui dolore mollitia eaque et eligendi nostrum nobis.', 0, '2019-12-02 06:26:58', '2019-12-02 06:26:58'),
(291, 2, 'Margaretta Heaney', 'Non molestiae maxime aut. Magni consequatur id voluptatem dolores. Ut nisi velit minus harum et. Aut et et minima nemo eos voluptas.', 1, '2019-12-02 06:26:58', '2019-12-02 06:26:58'),
(292, 26, 'Jayde Kub', 'Accusamus dolores omnis ea soluta qui. Minima doloremque praesentium qui.', 2, '2019-12-02 06:26:58', '2019-12-02 06:26:58'),
(293, 40, 'Mireya Batz', 'Et ut facilis illum commodi ipsum minus est. Tempore ea quia veniam porro officia. Dolore sit dolorem porro molestiae molestiae.', 3, '2019-12-02 06:26:58', '2019-12-02 06:26:58'),
(294, 33, 'Leland Sawayn', 'Consequatur impedit quod facere velit voluptates ad. Tempore animi porro dolor libero laborum ad. Sed dolore soluta et rerum veritatis. Voluptatibus ratione autem sequi voluptatem voluptatem facilis.', 4, '2019-12-02 06:26:58', '2019-12-02 06:26:58'),
(295, 34, 'Prof. Alysha Mertz MD', 'Eos suscipit natus labore laboriosam est dicta nulla. Omnis cumque dolorem unde aut et voluptatem delectus. Tempora similique vel facere debitis est.', 4, '2019-12-02 06:26:58', '2019-12-02 06:26:58'),
(296, 32, 'Mr. Nick Pouros', 'Quibusdam cupiditate inventore et et sint. Molestias provident et velit delectus et nihil beatae. Dolore perspiciatis sunt praesentium sunt minima neque. Accusamus laudantium aliquid aliquid adipisci minima excepturi.', 3, '2019-12-02 06:26:58', '2019-12-02 06:26:58'),
(297, 12, 'Verner Wisozk', 'Consectetur iste earum occaecati modi sed assumenda. Nesciunt est aut quia non et magnam. Eum qui illo sint nemo est.', 2, '2019-12-02 06:26:58', '2019-12-02 06:26:58'),
(298, 24, 'Adam O\'Reilly V', 'Earum ea ex sit odit. Quos facilis molestias delectus cupiditate minus reprehenderit. Qui expedita hic autem tenetur natus sunt aperiam. Magni commodi iste hic voluptatibus sit.', 0, '2019-12-02 06:26:58', '2019-12-02 06:26:58'),
(299, 40, 'Yasmine Feil', 'Vel magnam similique numquam aut. Veniam itaque nam impedit. Tempore ut consequuntur vitae nesciunt nobis non voluptatem.', 1, '2019-12-02 06:26:58', '2019-12-02 06:26:58'),
(300, 29, 'Ellen Nitzsche', 'Minima et tenetur aut excepturi. Rem iure minima alias velit voluptas tenetur. Non laudantium ut explicabo expedita esse non.', 1, '2019-12-02 06:26:58', '2019-12-02 06:26:58');

-- --------------------------------------------------------

--
-- Table structure for table `users`
--

CREATE TABLE `users` (
  `id` bigint(20) UNSIGNED NOT NULL,
  `name` varchar(191) COLLATE utf8mb4_unicode_ci NOT NULL,
  `email` varchar(191) COLLATE utf8mb4_unicode_ci NOT NULL,
  `email_verified_at` timestamp NULL DEFAULT NULL,
  `password` varchar(191) COLLATE utf8mb4_unicode_ci NOT NULL,
  `remember_token` varchar(100) COLLATE utf8mb4_unicode_ci DEFAULT NULL,
  `created_at` timestamp NULL DEFAULT NULL,
  `updated_at` timestamp NULL DEFAULT NULL
) ENGINE=InnoDB DEFAULT CHARSET=utf8mb4 COLLATE=utf8mb4_unicode_ci;

--
-- Indexes for dumped tables
--

--
-- Indexes for table `failed_jobs`
--
ALTER TABLE `failed_jobs`
  ADD PRIMARY KEY (`id`);

--
-- Indexes for table `migrations`
--
ALTER TABLE `migrations`
  ADD PRIMARY KEY (`id`);

--
-- Indexes for table `password_resets`
--
ALTER TABLE `password_resets`
  ADD KEY `password_resets_email_index` (`email`);

--
-- Indexes for table `products`
--
ALTER TABLE `products`
  ADD PRIMARY KEY (`id`);

--
-- Indexes for table `reviews`
--
ALTER TABLE `reviews`
  ADD PRIMARY KEY (`id`),
  ADD KEY `reviews_product_id_foreign` (`product_id`);

--
-- Indexes for table `users`
--
ALTER TABLE `users`
  ADD PRIMARY KEY (`id`),
  ADD UNIQUE KEY `users_email_unique` (`email`);

--
-- AUTO_INCREMENT for dumped tables
--

--
-- AUTO_INCREMENT for table `failed_jobs`
--
ALTER TABLE `failed_jobs`
  MODIFY `id` bigint(20) UNSIGNED NOT NULL AUTO_INCREMENT;

--
-- AUTO_INCREMENT for table `migrations`
--
ALTER TABLE `migrations`
  MODIFY `id` int(10) UNSIGNED NOT NULL AUTO_INCREMENT, AUTO_INCREMENT=6;

--
-- AUTO_INCREMENT for table `products`
--
ALTER TABLE `products`
  MODIFY `id` bigint(20) UNSIGNED NOT NULL AUTO_INCREMENT, AUTO_INCREMENT=51;

--
-- AUTO_INCREMENT for table `reviews`
--
ALTER TABLE `reviews`
  MODIFY `id` bigint(20) UNSIGNED NOT NULL AUTO_INCREMENT, AUTO_INCREMENT=301;

--
-- AUTO_INCREMENT for table `users`
--
ALTER TABLE `users`
  MODIFY `id` bigint(20) UNSIGNED NOT NULL AUTO_INCREMENT;

--
-- Constraints for dumped tables
--

--
-- Constraints for table `reviews`
--
ALTER TABLE `reviews`
  ADD CONSTRAINT `reviews_product_id_foreign` FOREIGN KEY (`product_id`) REFERENCES `products` (`id`) ON DELETE CASCADE;
COMMIT;

/*!40101 SET CHARACTER_SET_CLIENT=@OLD_CHARACTER_SET_CLIENT */;
/*!40101 SET CHARACTER_SET_RESULTS=@OLD_CHARACTER_SET_RESULTS */;
/*!40101 SET COLLATION_CONNECTION=@OLD_COLLATION_CONNECTION */;
